WALL CABINETS,AB
W0930,124
W1230,137
W1530,150
W1830,166
W2130,200
W2430B,215
W2730B,234
W3030B,242
W3330B,260
W3630B,278
W4230,-
W4830B-3,-
W0936,157
W1236,166
W1536,180
W1836,200
W2136,239
W2436B,256
W2736B,290
W3036B,313
W3336B,333
W3636B,348
W0942,173
W1242,183
W1542,199
W1842,221
W2142,266
W2442B,286
W2742B,334
W3042B,370
W3342B,390
W3642B,416
W3012B,139
W3312B,-
W3612B,156
W361224B,211
W2415B,139
W3015B,156
W301524B,212
W3315B,169
W331524B,223
W3615B,172
W361524B,234
W2418B,150
W3018B,172
W301824B,260
W3318B,183
W331824B,263
W3618B,195
W361824B,266
W2424B,192
W3024B,216
W302424B,255
W3324B,231
W332424B,272
W3624B,247
WALL CORNER CABINETS,AB
WSQ2430,475
WSQ2436,570
WSQ2442,684
BASE PULL OUT,AB
BFP09,496
WALL CABINETS - 2 DRAWER,AB
W2D1848,376
W2D1854,439
W2D1860,501
SINK BASE CABINETS,AB
SB24,289
SB27B,303
SB30B,314
SB33B,326
SB36B,337
SB42,435
SB48D-2,-
,
,
,
,
WALL BLIND CABINETS,AB
WBLC30/33-3030,316
WBLC30/33-3036,417
WBLC30/33-3042,480
WBLC39/42-3630,-
WBLC39/42-3636,-
WBLC39/42-3642,-
BASE CABINETS,AB
FB09,-
B09,209
B12,236
B15,246
B18,258
B21,291
B24B,312
B27B,336
B30B,396
B33B,414
B36B,431
B42,-
FARM SINK CABINETS,AB
FSB30B,447
FSB33B,468
FSB36B,488
,
MICROWAVE BASE CABINET,AB
B30MW (30W),396
,AB
W0930,124
W1230,137
WALL CORNER CABINETS,AB
WSQ2430,475
WSQ2436,570
200,
BASE PULL OUT,AB
,242
W3330B,260
W3630B,278
WALL CABINETS - 2 DRAWER,AB
W2D1848,376
W2D1854,439
,157
W1236,166
W1536,180
W1836,200
W2136,239
W2436B,256
W2736B,290
W3036B,313
W3336B,333
W3636B,348
W0942,173
SINK BASE CABINETS,AB
SB24,289
SB27B,303
SB30B,314
SB33B,326
SB36B,337
SB42,435
SB48D-2,-
,
,
,
,221
W2142,266
W2442B,286
W2742B,334
W3042B,370
W3342B,390
WALL BLIND CABINETS,AB
WBLC30/33-3030,316
WBLC30/33-3036,417
WBLC30/33-3042,480
WBLC39/42-3630,-
WBLC39/42-3636,-
,-
W3612B,156
W361224B,211
W2415B,139
W3015B,156
W301524B,212
W3315B,169
W331524B,223
W3615B,172
W361524B,234
W2418B,150
W3018B,172
BASE CABINETS,AB
FB09,-
B09,209
B12,236
B15,246
B18,258
B21,291
B24B,312
B27B,336
B30B,396
B33B,414
B36B,431
,263
W3618B,195
W361824B,266
W2424B,192
FARM SINK CABINETS,AB
FSB30B,447
FSB33B,468
FSB36B,488
231,
MICROWAVE BASE CABINET,AB
WALL DIAGONAL CABINETS,AB
WDC2430,309
WDC2436,387
WDC2442,411
WDC273615,585
WDC274215,700
WDC2430,309
WDC2436,387
WDC2442,411
WDC273615,585
WDC274215,700
,
BASE BLIND CABINETS,AB
BBLC39/42-36W,437
BASE BLIND CABINETS,AB
BBLC39/42-36W,437
BBLC42/45-39W,442
BBLC45/48-42W,447
BBLC45/48-42W,447
,
BASE DIAGONAL CABINETS,AB
BDCF36,563
BDCF36K-FL,169
,
LAZY SUSAN CABINETS,AB
LS3309,559
LS3612,604
,
EASY REACH CABINET,AB
LS3612S (EZR3612),545
,
OVEN CABINETS,AB
OC3384B,1153
OC3390B,1244
OC3396B,1327
OM3384B,1088
OM3390B,1174
OM3396B,1252
,
WALL PANTRY CABINETS,AB
BASE DIAGONAL CABINETS,AB
BDCF36,563
BDCF36K-FL,169
LAZY SUSAN CABINETS,AB
LS3309,559
LS3612,604
EASY REACH CABINET,AB
LS3612S (EZR3612),545
,
OVEN CABINETS,AB
OC3384B,1153
OC3390B,1244
OC3396B,1327
OM3384B,1088
OM3390B,1174
OM3396B,1252
WALL PANTRY CABINETS,AB
WP1584,621
WP1590,668
WP1596,714
WP1884,696
WP1890,748
WP1896,800
WP2484B,872
WP2490B,938
WP2496B,1004
WP1596,714
WP1884,696
WP1890,748
WP1896,800
WP2484B,872
WP2490B,938
WP2496B,1004
,
BASE TRANSITIONAL CABINETS,AB
BTC12L,242
BTC12R,242
BASE TRANSITIONAL CABINETS,AB
BTC12L,242
BTC12R,242
ANGLE WALL & BASE CABINETS,AB
AW30,211
AW36,253
AW42,296
AB24 (Base),535
WALL END SHELVES,AB
WES530,90
WES536,108
WES542,127
DECOR DOORS,AB
EPW1230D,76
EPW1236D,93
EPW1242D,111
EPB24D,193
EPWP2484D,239
EPWP2490D,269
EPWP2496D,295
EPW1236D,93
EPW1242D,111
EPWP2484D,239
EPWP2490D,269
EPWP2496D,295
,
,
,
,
,
,
REFRIGERATOR PANEL,AB
REFRIGERATOR PANEL,AB
REP2484-3/4,209
REP2496-3/4,239
REP2484(3)-3/4,242
REP2496(3)-3/4,289
REP3096(3)-3/4,392
REP3096(3)-3/4,392
,
FINSHED BACK/BEADED PANELS,AB
FBP483614(1),95
FBP369614(1),160
FBP489614(1),169
BP48341214,159
,
TOE KICK,AB
TK8,49
,
TRIM DETAIL,AB
VAS48,-
VAD3612,-
VAD4212,-
VAD4812,-
VAL48B,-
VAL54B,-
VAL48S,113
VAL54S,123
,
CORNER MOLDINGS,AB
FINSHED BACK/BEADED PANELS,AB
FBP483614(1),95
FBP369614(1),160
FBP489614(1),169
BP48341214,159
TOE KICK,AB
TK8,49
TRIM DETAIL,AB
VAS48,-
VAD3612,-
VAD4212,-
VAD4812,-
VAL48B,-
VAL54B,-
VAL48S,113
VAL54S,123
CORNER MOLDINGS,AB
SC1-3 (SM),20
SC4 (ICM),29
SC5 (OCM),28
SC6 (SM) NEW,32
SC8 (BM) NEW,30
SC4 (ICM),29
SC5 (OCM),28
SC6 (SM) NEW,32
SC8 (BM) NEW,30
,
,
,
,
LIGHT RAIL MOLDINGS,AB
LRM8,81
LIGHT RAIL MOLDINGS,AB
LRM8,81
TLRM8,198
PILASTER,AB
CFC96,-
CROWN MOLDINGS,AB
CM96,74
CM96-4,119
CM96E-4,-
CM96H-4,119
CM96K-4,140
DECOR LEGS AND PILASTER,AB
TP3/WF34-1/2,-
LEG28 B3x3,-
LEG75 B3x3,250
LEG81,-
LEG82,-
LEG83,-
LEG-SMALL51,-
LEG-SMALL52,-
POLE28-B3,-
POLE28-W330,-
POLE28-W336,-
POLE28-W342,-
POLE28-T384,-
POLE28-T390,-
POLE28-T396,-
POLE75-B3,227
POLE75-W330,126
POLE75-W336,139
POLE75-W342,160
POLE75-T384,275
POLE75-T390,291
POLE75-T396,308
VANITIES WITH DRAWERS,AB
S3021DL-34-1/2,447
S3021DR-34-1/2,447
S3621BDL-34-1/2,512
S3621BDR-34-1/2,512
S4821B12D-34-1/2,699
CROWN MOLDINGS,AB
CM96,74
CM96E-4,-
CM96H-4,119
CM96K-4,140
DÃ‰COR LEGS AND PILASTER,AB
TP3/WF34-1/2,-
LEG28 B3x3,-
LEG75 B3x3,250
LEG81,-
LEG82,-
LEG83,-
LEG-SMALL51,-
LEG-SMALL52,-
POLE28-B3,-
VANITIES WITH DRAWERS,AB
S2421B - 30H,-
S2421B-34-1/2,250
S3021B-34-1/2,315
S3621B-34-1/2,380
DRAWER VANITIES AND DESK DRAWEARB,
SVB1221-34-1/2,476
SVB1521-34-1/2,498
SVDU3021-7,136
,
,
,
,
,
,
,
,
DRAWER BASE CABINETS,AB
DB12(3),419
DB15(3),437
DB18(3),448
DB21(3),460
DRAWER BASE CABINETS,AB
DB12(3),419
DB15(3),437
DB18(3),448
DB21(3),460
DB24(3),483
DB30(3),762
DB36(3),787
DB30(3),762
DB36(3),787
,
GLASS DOORS,AB
GLASS DOORS,AB
W3012BGD,162
W1530GD,81
W1830GD,107
W2430BGD,142
W3030BGD,165
W3630BGD,243
WDC2430GD,87
W1536GD,96
W1836GD,128
W2436BGD,164
W3036BGD,187
W3636BGD,261
WDC2436GD,104
WDC273615GD,123
W1542GD,113
W1842GD,149
W2442BGD,199
W3042BGD,231
W3642BGD,323
WDC2442GD,122
WDC274215GD,150
W1530GD,81
W1830GD,107
W2430BGD,142
W3630BGD,243
WDC2430GD,87
W1536GD,96
W2436BGD,164
W3036BGD,187
W3636BGD,261
WDC2436GD,104
WDC273615GD,123
W1542GD,113
W1842GD,149
W2442BGD,199
W3042BGD,231
W3642BGD,323
WDC274215GD,150
,
,
RANGE HOODS,AB
AWH36,512
CWH36,609
DWH36,-
,
SPECIAL CABINETS,
W3018WR,197
RANGE HOODS,AB
AWH36,512
CWH36,609
DWH36,-
,
SPECIAL CABINETS,
W3018WR,197
TCR21-2,336
WC630,151
WC636,178
WC642,205
WC630,151
WC636,178
WC642,205
,
,
,
,
,
,
,
,
,
,
,
MICROWAVE OVEN CABINET,
MWO3018PM-12,167
,
ROLL OUT TRAYS,AB
15RT-DR,88
18RT-DR,99
MICROWAVE OVEN CABINET,
MWO3018PM-12,167
ROLL OUT TRAYS,AB
15RT-DR,88
18RT-DR,99
24RT-DR,108
27RT-DR,119
30RT-DR,130
33RT-DR,158
36RT-DR,186
DISHWASHER PANEL,AB
DWR33412,90
DWR33412,90
,
,
,
,
WALL AND BASE FILLER,
WALL AND BASE FILLER,
COLUMNS,AB
WF3-3/4,22
WF336-3/4,27
WF342-3/4,34
WF384-3/4,63
WF396-3/4,74
WF6-3/4,45
WF642-3/4,66
WF696-3/4,145
BF3-3/4,36
BF6-3/4,61
A30WF,-
A36WF,-
A42WF,-
A3BF,-
A6BF,-
CLB334-1/2,170
CLW330,110
CLW336,131
CLW342,153
CLW396,510
WF3-3/4,22
WF336-3/4,27
WF342-3/4,34
WF384-3/4,63
WF396-3/4,74
WF642-3/4,66
WF696-3/4,145
BF6-3/4,61
A30WF,-
A36WF,-
A42WF,-
A3BF,-
A6BF,-
CLB334-1/2,170
CLW330,110
CLW336,131
CLW396,510
,
OVERLAY FILLERS,AB
OLF330,22
OLF336,27
OLF342,34
OVERLAY FILLERS,AB
OLF330,22
OLF336,27
OLF342,34
OLF630,41
OLF636,54
OLF642,60
OLF384,95
OLF390,113
OLF396,129
OLF390,113
OLF396,129
,
,
,
BASE BOARD MOLDING,AB
BM4-1/2-5/8,116
,
CORBELS AND APPLIQUES,AB
DOA,-
CORBEL54,-
CORBEL55,-
CORBEL56,-
CORBEL57,-
CORBEL58,-
CORBEL59,95
CORBEL60S,180
CORBEL60L,-
CORBEL75S,159
CORBEL75M,217
CORBEL75L,230
,
,
,
,
,
,
,
,
,
,
,
,
,
,
,
,
,
,
,
BASE BOARD MOLDING,AB
BM4-1/2-5/8,116
CORBELS AND APPLIQUES,AB
DOA,-
CORBEL54,-
CORBEL55,-
CORBEL56,-
CORBEL57,-
CORBEL58,-
CORBEL59,95
CORBEL60S,180
CORBEL60L,-
CORBEL75S,159
CORBEL75M,217
CORBEL75L,230
