WALL CABINETS,TQ,
W0930,139,
W1230,154,
W1530,168,
W1830,186,
W2130,224,
W2430B,241,
W2730B,263,
W3030B,272,
W3330B,292,
W3630B,312,
W4230,-,
W4830B-3,-,
W0936,176,
W1236,186,
W1536,202,
W1836,224,
W2136,268,
W2436B,287,
W2736B,325,
W3036B,351,
W3336B,373,
W3636B,390,
W0942,194,
W1242,205,
W1542,223,
W1842,248,
W2142,298,
W2442B,321,
W2742B,375,
W3042B,415,
W3342B,437,
W3642B,466,
W3012B,156,
W3312B,166,
W3612B,175,
W361224B,237,
W2415B,156,
W3015B,175,
W301524B,238,
W3315B,190,
W331524B,250,
W3615B,193,
W361524B,263,
W2418B,168,
W3018B,193,
W301824B,292,
W3318B,205,
W331824B,295,
W3618B,219,
W361824B,298,
W2424B,216,
W3024B,242,
W302424B,286,
W3324B,259,
W332424B,305,
W3624B,277,
W362424B,323,
WALL CORNER CABINETS,TQ,
WSQ2430,532,
WSQ2436,639,
WSQ2442,767,
BASE PULL OUT,TQ,
BFP09,556,
WALL CABINETS - 2 DRAWERS,TQ,
W2D1848,422,
W2D1854,492,
W2D1860,562,
SINK BASE CABINETS,TQ,
SB24,324,
SB27B,340,
SB30B,352,
SB33B,366,
SB36B,378,
SB42,488,
SB48D-2,-,
,,
,,
,,
,,
WALL BLIND CABINETS,TQ,
WBLC30/33-3030,354,
WBLC30/33-3036,468,
WBLC30/33-3042,538,
WBLC39/42-3630,-,
WBLC39/42-3636,-,
WBLC39/42-3642,-,
BASE CABINETS,TQ,
FB09,224,
B09,235,
B12,265,
B15,276,
B18,289,
B21,326,
B24B,350,
B27B,377,
B30B,444,
B33B,464,
B36B,483,
B42,-,
FARM SINK CABINETS,TQ,
FSB30B,501,
FSB33B,525,
FSB36B,547,
,,
MICROWAVE BASE CABINET,TQ,
B30MW (30W),444,
,TQ,
W0930,139,
W1230,154,
WALL CORNER CABINETS,TQ,
WSQ2430,532,
WSQ2436,639,
224,,
BASE PULL OUT,TQ,
,272,
W3330B,292,
W3630B,312,
WALL CABINETS - 2 DRAWERS,TQ,
W2D1848,422,
W2D1854,492,
,176,
W1236,186,
W1536,202,
W1836,224,
W2136,268,
W2436B,287,
W2736B,325,
W3036B,351,
W3336B,373,
W3636B,390,
W0942,194,
SINK BASE CABINETS,TQ,
SB24,324,
SB27B,340,
SB30B,352,
SB33B,366,
SB36B,378,
SB42,488,
SB48D-2,-,
,,
,,
,,
,248,
W2142,298,
W2442B,321,
W2742B,375,
W3042B,415,
W3342B,437,
WALL BLIND CABINETS,TQ,
WBLC30/33-3030,354,
WBLC30/33-3036,468,
WBLC30/33-3042,538,
WBLC39/42-3630,-,
WBLC39/42-3636,-,
,166,
W3612B,175,
W361224B,237,
W2415B,156,
W3015B,175,
W301524B,238,
W3315B,190,
W331524B,250,
W3615B,193,
W361524B,263,
W2418B,168,
W3018B,193,
BASE CABINETS,TQ,
FB09,224,
B09,235,
B12,265,
B15,276,
B18,289,
B21,326,
B24B,350,
B27B,377,
B30B,444,
B33B,464,
B36B,483,
,295,
W3618B,219,
W361824B,298,
W2424B,216,
FARM SINK CABINETS,TQ,
FSB30B,501,
FSB33B,525,
FSB36B,547,
259,,
MICROWAVE BASE CABINET,TQ,
WALL DIAGONAL CABINETS,TQ,
WDC2430,347,
WDC2436,434,
WDC2442,461,
WDC273615,656,
WDC274215,784,
WDC2430,347,
WDC2436,434,
WDC2442,461,
WDC273615,656,
WDC274215,784,
,,
BASE BLIND CABINETS,TQ,
BBLC39/42-36W,490,
BASE BLIND CABINETS,TQ,
BBLC39/42-36W,490,
BBLC42/45-39W,496,
BBLC45/48-42W,501,
BBLC45/48-42W,501,
,,
BASE DIAGONAL CABINETS,TQ,
BDCF36,631,
BDCF36K-FL,190,
,,
LAZY SUSAN CABINETS,TQ,
LS3309,627,
LS3612,677,
,,
EASY REACH CABINET,TQ,
LS3612S (EZR3612),611,
,,
OVEN CABINETS,TQ,
OC3384B,1292,
OC3390B,1394,
OC3396B,1487,
OM3384B,1219,
OM3390B,1315,
OM3396B,1403,
,,
WALL PANTRY CABINETS,TQ,
WP1584,696,
WP1590,749,
WP1596,800,
WP1884,780,
WP1890,838,
WP1896,896,
WP2484B,977,
WP2490B,1051,
WP2496B,1125,
,,
BASE TRANSITIONAL CABINETS,TQ,
BTC12L,272,
BTC12R,272,
,,
BASE DIAGONAL CABINETS,TQ,
BDCF36,631,
BDCF36K-FL,190,
LAZY SUSAN CABINETS,TQ,
LS3309,627,
LS3612,677,
EASY REACH CABINET,TQ,
LS3612S (EZR3612),611,
,,
OVEN CABINETS,TQ,
OC3384B,1292,
OC3390B,1394,
OC3396B,1487,
OM3384B,1219,
OM3390B,1315,
OM3396B,1403,
WALL PANTRY CABINETS,TQ,
WP1584,696,
WP1590,749,
WP1596,800,
WP1884,780,
WP1890,838,
WP1896,896,
WP2484B,977,
WP2490B,1051,
WP2496B,1125,
BASE TRANSITIONAL CABINETS,TQ,
BTC12L,272,
BTC12R,272,
ANGLE WALL & BASE CABINETS,TQ,
AW30,237,
AW36,284,
AW42,332,
AB24 (Base),600,
WALL END SHELVES,TQ,
WES530,101,
WES536,121,
WES542,143,
AW30,237,
AW36,284,
AW42,332,
AB24 (Base),600,
WALL END SHELVES,TQ,
WES530,101,
WES536,121,
WES542,143,
,,
,,
,,
DÉCOR DOORS,TQ,
EPW1230D,86,
EPW1236D,105,
EPW1242D,125,
EPB24D,217,
EPWP2484D,268,
EPWP2490D,302,
EPWP2496D,331,
EPW1236D,105,
EPW1242D,125,
EPWP2484D,268,
EPWP2490D,302,
EPWP2496D,331,
,,
,,
,,
,,
,,
,,
REFRIGERATOR PANEL,TQ,
REFRIGERATOR PANEL,TQ,
REP2484-3/4,235,
REP2496-3/4,268,
REP2484(3)-3/4,272,
REP2496(3)-3/4,324,
REP3096(3)-3/4,440,
REP3096(3)-3/4,440,
,,
FINSHED BACK/BEADED PANELS,TQ,
FBP483614(1),107,
FBP369614(1),180,
FBP489614(1),190,
BP48341214,179,
,,
TOE KICK,TQ,
TK8,55,
,,
TRIM DETAIL,TQ,
VAS48,-,
VAD3612,130,
VAD4212,164,
VAD4812,206,
VAL48B,127,
VAL54B,138,
VAL48S,-,
VAL54S,-,
,,
CORNER MOLDINGS,TQ,
FINSHED BACK/BEADED PANELS,TQ,
FBP483614(1),107,
FBP369614(1),180,
FBP489614(1),190,
BP48341214,179,
TOE KICK,TQ,
TK8,55,
TRIM DETAIL,TQ,
VAS48,-,
VAD3612,130,
VAD4212,164,
VAD4812,206,
VAL48B,127,
VAL54B,138,
VAL48S,-,
VAL54S,-,
CORNER MOLDINGS,TQ,
SC1-3 (SM),23,
SC4 (ICM),33,
SC5 (OCM),32,
SC6 (SM) NEW,37,
SC8 (BM) NEW,35,
SC4 (ICM),33,
SC5 (OCM),32,
SC6 (SM) NEW,37,
SC8 (BM) NEW,35,
,,
,,
,,
,,
LIGHT RAIL MOLDINGS,TQ,
LRM8,91,
LIGHT RAIL MOLDINGS,TQ,
LRM8,91,
TLRM8,222,
PILASTER,TQ,
CFC96,-,
CROWN MOLDINGS,TQ,
CM96,83,
CM96-4,135,
CM96E-4,-,
CM96H-4,134,
CM96K-4,-,
DÉCOR LEGS AND PILASTER,TQ,
TP3/WF34-1/2,235,
LEG28 B3x3,198,
LEG75 B3x3,280,
LEG81,198,
LEG82,-,
LEG83,220,
LEG-SMALL51,-,
LEG-SMALL52,-,
POLE28-B3,257,
POLE28-W330,143,
POLE28-W336,158,
POLE28-W342,181,
POLE28-T384,-,
POLE28-T390,-,
POLE28-T396,-,
POLE75-B3,255,
POLE75-W330,142,
POLE75-W336,156,
POLE75-W342,180,
POLE75-T384,308,
POLE75-T390,326,
POLE75-T396,345,
VANITIES WITH DRAWERS,TQ,
S3021DL-34-1/2,501,
S3021DR-34-1/2,501,
S3621BDL-34-1/2,574,
S3621BDR-34-1/2,574,
S4821B12D-34-1/2,783,
CROWN MOLDINGS,TQ,
CM96,83,
CM96E-4,-,
CM96H-4,134,
CM96K-4,-,
DÉCOR LEGS AND PILASTER,TQ,
TP3/WF34-1/2,235,
LEG28 B3x3,198,
LEG75 B3x3,280,
LEG81,198,
LEG82,-,
LEG83,220,
LEG-SMALL51,-,
LEG-SMALL52,-,
POLE28-B3,257,
VANITIES WITH DRAWERS,TQ,
S2421B - 30H,-,
S2421B-34-1/2,280,
S3021B-34-1/2,353,
S3621B-34-1/2,426,
DRAWER VANITIES AND DESK DRAWER,TQ,
SVB1221-34-1/2,534,
SVB1521-34-1/2,558,
SVDU3021-7,153,
,,
,,
,,
DRAWER BASE CABINETS,TQ,
DB12(3),470,
DB15(3),490,
DB18(3),502,
DB21(3),516,
DRAWER BASE CABINETS,TQ,
DB12(3),470,
DB15(3),490,
DB18(3),502,
DB21(3),516,
DB24(3),541,
DB30(3),854,
DB36(3),882,
DB30(3),854,
DB36(3),882,
,,
GLASS DOORS,TQ,
GLASS DOORS,TQ,
W1530GD,91,
W1530MGD,100,
W1830GD,120,
W1830MGD,133,
W3030BGD,168,
W3030BMGD,185,
W3630BGD,204,
W3630BMGD,273,
W3636BGD,98,
W3636BMGD,108,
WDC2430GD,108,
WDC2430MGD,119,
W1536GD,144,
W1536MGD,158,
W1836GD,191,
W1836MGD,210,
W3036BGD,231,
W3036BMGD,293,
WDC2436GD,117,
WDC2436MGD,128,
WDC273615GD,138,
WDC273615MGD,153,
W1542GD,127,
W1542MGD,139,
W1842GD,167,
W1842MGD,184,
W3042BGD,228,
W3042BMGD,259,
W3642BGD,285,
W3642BMGD,362,
WDC2442GD,137,
WDC2442MGD,151,
WDC274215GD,168,
WDC274215MGD,185,
W3012BGD,182,
W1530MGD,100,
W1830GD,120,
W1830MGD,133,
W3030BMGD,185,
W3630BGD,204,
W3630BMGD,273,
W3636BMGD,108,
WDC2430GD,108,
WDC2430MGD,119,
W1536GD,144,
W1536MGD,158,
W1836GD,191,
W1836MGD,210,
W3036BGD,231,
W3036BMGD,293,
WDC2436GD,117,
WDC273615GD,138,
WDC273615MGD,153,
W1542GD,127,
W1542MGD,139,
W1842GD,167,
W1842MGD,184,
W3042BGD,228,
W3042BMGD,259,
W3642BGD,285,
W3642BMGD,362,
WDC2442MGD,151,
WDC274215GD,168,
WDC274215MGD,185,
,,
RANGE HOODS,TQ,
AWH36,574,
CWH36,683,
DWH36,-,
,,
SPECIAL CABINETS,,
W3018WR,221,
TCR21-2,336,
RANGE HOODS,TQ,
AWH36,574,
CWH36,683,
DWH36,-,
,,
SPECIAL CABINETS,,
W3018WR,221,
TCR21-2,336,
WC630,170,
WC636,200,
WC642,230,
,,
,,
MICROWAVE OVEN CABINET,,
MWO3018PM-12,188,
,,
ROLL OUT TRAYS,TQ,
15RT-DR,88,
18RT-DR,99,
MICROWAVE OVEN CABINET,,
MWO3018PM-12,188,
ROLL OUT TRAYS,TQ,
15RT-DR,88,
18RT-DR,99,
24RT-DR,108,
27RT-DR,119,
30RT-DR,130,
33RT-DR,158,
36RT-DR,186,
DISHWASHER PANEL,TQ,
DWR33412,90,
DWR33412,90,
,,
,,
,,
,,
WALL AND BASE FILLER,,
WALL AND BASE FILLER,,
COLUMNS,TQ,
WF3-3/4,25,
WF336-3/4,31,
WF342-3/4,39,
WF384-3/4,71,
WF396-3/4,83,
WF6-3/4,51,
WF642-3/4,74,
WF696-3/4,163,
BF3-3/4,41,
BF6-3/4,69,
A30WF,41,
A36WF,51,
A42WF,58,
A3BF,56,
A6BF,116,
CLB334-1/2,191,
CLW330,124,
CLW336,147,
CLW342,172,
CLW396,572,
WF3-3/4,25,
WF336-3/4,31,
WF342-3/4,39,
WF384-3/4,71,
WF396-3/4,83,
WF642-3/4,74,
WF696-3/4,163,
BF6-3/4,69,
A30WF,41,
A36WF,51,
A42WF,58,
A3BF,56,
A6BF,116,
CLB334-1/2,191,
CLW330,124,
CLW336,147,
CLW396,572,
,,
OVERLAY FILLERS,TQ,
OLF330,25,
OLF336,31,
OLF342,39,
OVERLAY FILLERS,TQ,
OLF330,25,
OLF336,31,
OLF342,39,
OLF630,46,
OLF636,61,
OLF642,68,
OLF384,107,
OLF390,127,
OLF396,145,
OLF390,127,
OLF396,145,
,,
,,
,,
BASE BOARD MOLDING,TQ,
BM4-1/2-5/8,130,
,,
CORBELS AND APPLIQUES,TQ,
DOA,-,
CORBEL54,-,
CORBEL55,-,
CORBEL56,144,
CORBEL57,224,
CORBEL58,-,
CORBEL59,107,
CORBEL60S,180,
CORBEL60L,-,
CORBEL75S,179,
CORBEL75M,244,
CORBEL75L,258,
,,
,,
,,
,,
,,
,,
,,
,,
,,
,,
,,
,,
,,
,,
,,
,,
,,
,,
,,
BASE BOARD MOLDING,TQ,
BM4-1/2-5/8,130,
CORBELS AND APPLIQUES,TQ,
DOA,-,
CORBEL54,-,
CORBEL55,-,
CORBEL56,144,new
CORBEL57,224,new
CORBEL58,-,
CORBEL59,107,
CORBEL60S,180,new
CORBEL60L,-,
CORBEL75S,179,
CORBEL75M,244,
CORBEL75L,258,
