,W0930,,108
,W1230,,120
,W1530,,131
,W1830,,145
,W2130,,176
,W2430B,,188
,W2730B,,205
,W3030B,,212
,W3330B,,228
,W3630B,,243
,W4230,,-
,W4830B-3,,-
,W6030-OPEN,,-
,W0936,,137
,W1236,,145
,W1536,,158
,W1836,,176
,W2136,,210
,W2436B,,224
,W2736B,,253
,W3036B,,274
,W3336B,,291
,W3636B,,305
,W0942,,153
,W1242,,161
,W1542,,175
,W1842,,193
,W2142,,233
,W2442B,,251
aa,,,
,,,
,W2742B,,292
,W3042B,,324
,W3342B,,342
,W3642B,,363
,W3012B,,122
,W3312B,,130
,W3612B,,137
,W361224B,,185
,W2415B,,123
,W3015B,,137
,W301524B,,-
,W3315B,,148
,W331524B,,-
,W3615B,,151
,W361524B,,205
,W2418B,,131
,W3018B,,151
,W301824B,,227
,W3318B,,161
,W331824B,,230
,W3618B,,171
,W361824B,,233
,W2424B,,168
,W3024B,,189
,W302424B,,223
,W3324B,,202
,W332424B,,237
,W3624B,,216
,W362424B,,252
,,,
,,,
,WDC2430,,270
,WDC2436,,338
,WDC2442,,359
,WDC273615,,522
,WDC274215,,626
,WSQ2430,,428
,WSQ2436,,513
,WSQ2442,,616
,BFP09,,441
,W2D1848,,-
,W2D1854,,-
,W2D1860,,-
,SB24,,253
,SB27B,,266
,SB30B,,275
,SB33B,,285
,SB36B,,297
,SB42,,-
,SB48D-2,,-
,SB60B,,-
,W4830B-3,,-
,W6030-OPEN,,-
,WBLC30/33-3030,,278
,,,
,,,
,WBLC30/33-3036,,367
,WBLC30/33-3042,,422
,WBLC39/42-3630,,-
,WBLC39/42-3636,,-
,WBLC39/42-3642,,-
,FB09,,171
,B09,,179
,B12,,202
,B15,,211
,B18,,221
,B21,,250
,B24B,,269
,B27B,,289
,B30B,,337
,B33B,,352
,B36B,,368
,B42,,-
,B48,,-
,FSB30B,,-
,FSB33B,,-
,FSB36B,,426
,B30MW (30W),,347
,DB12(3),,353
,DB15(3),,369
,DB18(3),,378
,,,
,,,
,DB21(3),,388
,DB24(3),,408
,DB30(3),,676
,DB36(3),,693
,BBLC39/42-36W,,378
,BBLC42/45-39W,,382
,BBLC45/48-42W,,386
,BDCF36,,491
,BDCF36K-FL,,148
,LS3309,,487
,LS3612,,526
,LS3612S (EZR3612),,466
,OC3384B,,-
,OC3390B,,-
,OC3396B,,-
,OM3384B,,-
,OM3390B,,-
,OM3396B,,-
,WP1584,,543
,WP1590,,583
,WP1596,,622
,,,
,,,
,WP1884,,608
,WP1890,,653
,WP1896,,697
,WP2484B,,761
,WP2490B,,818
,WP2496B,,875
,BTC12L,,212
,BTC12R,,212
,AW30,,184
,AW36,,221
,AW42,,259
,AB24 (Base),,467
,WES530,,90
,WES536,,108
,WES542,,127
,W3012BGD,,162
,W1530GD,,81
,W1530MGD,,-
,W1830GD,,-
,W1830MGD,,-
,W2430BGD,,-
,W2430BMGD,,-
,W3030BGD,,165
,W3030BMGD,,-
,W3630BGD,,243
,,,
,,,
,W3630BMGD,,-
,WDC2430GD,,87
,WDC2430MGD,,-
,W1536GD,,96
,W1536MGD,,-
,W1836GD,,-
,W1836MGD,,-
,W2436BGD,,-
,W2436BMGD,,-
,W3036BGD,,187
,W3036BMGD,,-
,W3636BGD,,261
,W3636BMGD,,-
,WDC2436GD,,104
,WDC2436MGD,,-
,WDC273615GD,,123
,WDC273615MGD,,-
,W1542GD,,113
,W1542MGD,,-
,W1842GD,,-
,W1842MGD,,-
,W2442BGD,,-
,W2442BMGD,,-
,W3042BGD,,231
,W3042BMGD,,-
,W3642BGD,,323
,W3642BMGD,,-
,WDC2442GD,,122
,WDC2442MGD,,-
,WDC274215GD,,150
,WDC274215MGD,,-
,,,
,,,
,EPW1230D,,67
,EPW1236D,,81
,EPW1242D,,98
,EPB24D,,169
,EPWP2484D,,-
,EPWP2490D,,-
,EPWP2496D,,-
,SB30B-ND-SP,,-
,SB33B-ND-SP,,-
,SB36B-ND-SP,,-
,AWH36,,512
,CWH36,,-
,W3018WR,,197
,TCR21-2,,336
,WC630,,151
,WC636,,178
,WC642,,205
,MWO3018PM-12,,167
,15RT-DR,,88
,18RT-DR,,99
,24RT-DR,,108
,27RT-DR,,119
,30RT-DR,,130
,,,
,,,
,33RT-DR,,158
,36RT-DR,,186
,DWR33412,,80
,REP2484-3/4,,209
,REP2496-3/4,,239
,REP2484(3)-3/4,,242
,REP2496(3)-3/4,,289
,REP3096(3)-3/4,,392
,FBP483614(1),,95
,FBP369614(1),,160
,FBP489614(1),,169
,BP48341214,,159
,TK8,,49
,VAS48,,42
,VAD3612,,115
,VAD4212,,145
,VAD4812,,182
,VAL48B,,-
,VAL54B,,-
,VAL48S,,89
,VAL54S,,99
,,,
,,,
,SC1-3 (SM),,20
,SC4 (ICM),,29
,SC5 (OCM),,28
,SC6 (SM) NEW,,32
,SC8 (BM) NEW,,30
,LRM8,,81
,TLRM8,,198
,CM96,,74
,CM96-4,,119
,CM96B-4,,-
,CM96C-4,,-
,CM96E-4,,156
,CM96H-4,,119
,CM96K-4,,140
,TP3/WF34-1/2,,207
,LEG28 B3x3,,-
,LEG75 B3x3,,250
,LEG81,,175
,LEG82,,166
,LEG83,,194
,LEG-SMALL51,,-
,LEG-SMALL52,,-
,POLE28-B3,,-
,POLE28-W330,,-
,POLE28-W336,,-
,POLE28-W342,,-
,POLE28-T384,,-
,,,
,,,
,POLE28-T390,,-
,POLE28-T396,,-
,POLE75-B3,,227
,POLE75-W330,,126
,POLE75-W336,,139
,POLE75-W342,,160
,POLE75-T384,,275
,POLE75-T390,,291
,POLE75-T396,,308
,WF3-3/4,,22
,WF336-3/4,,27
,WF342-3/4,,34
,WF384-3/4,,63
,WF396-3/4,,74
,WF6-3/4,,45
,WF642-3/4,,66
,WF696-3/4,,145
,BF3-3/4,,36
,BF6-3/4,,61
,A30WF,,36
,A36WF,,45
,A42WF,,51
,A3BF,,49
,A6BF,,102
,CLB334-1/2,,170
,CLW330,,110
,CLW336,,131
,CLW342,,153
,CLW396,,510
,,,
,,,
,OLF330,,22
,OLF336,,27
,OLF342,,34
,OLF630,,41
,OLF636,,54
,OLF642,,60
,OLF384,,95
,OLF390,,113
,OLF396,,129
,CFC96,,-
,BM4-1/2-5/8,,116
,DOA,,-
,CORBEL54,,-
,CORBEL55,,-
,CORBEL56,,127
,CORBEL57,,198
,CORBEL58,,-
,CORBEL59,,95
,CORBEL60S,,180
,CORBEL60L,,-
,CORBEL75S,,159
,CORBEL75M,,217
,CORBEL75L,,230
,S3021DL-34-1/2”,,-
,S3021DR-34-1/2”,,-
,S3621BDL-34-1/2,,-
,,,
,,,
,S3621BDR-34,,-
,S4821B12D-34,,-
,S2421B - 30”H,,-
,S2421B-34-1/2”,,-
,S3021B-34-1/2”,,-
,S3621B-34-1/2”,,-
,SVB1221-34-1/2”,,-
,SVB1521-34-1/2”,,-
,SVDU3021-7”,,-
