ghi,Code,Desc,List Price
,GW0930SDC,GH W0930  SEDONA CHESTNUT, $158.00 
,GW1230SDC,GH W1230 SEDONA CHESTNUT, $185.00 
,GW1530SDC,GH W1530 SEDONA CHESTNUT, $199.00 
,GW1830SDC,GH W1830 SEDONA CHESTNUT, $233.00 
,GW2130SDC,GH W2130 SEDONA CHESTNUT, $246.00 
,GW2430SDC,GH W2430 SEDONA CHESTNUT, $282.00 
,GW2730SDC,GH W2730 SEDONA CHESTNUT, $309.00 
,GW3030SDC,GH W3030 SEDONA CHESTNUT, $312.00 
,GW3330SDC,GH W3330 SEDONA CHESTNUT, $334.00 
,GW3630SDC,GH W3630 SEDONA CHESTNUT, $356.00 
,GWAC2430SDC,GH WAC2430 SEDONA CHESTNUT, $362.00 
,GWBC2730SDC,GH WBC2730 SEDONA CHESTNUT, $311.00 
,GWDC2430SDC,GH WDC2430 SEDONA CHESTNUT, $348.00 
,GW3012SDC,GH W3012 SEDONA CHESTNUT, $168.00 
,GW3612SDC,GH W3612 SEDONA CHESTNUT, $185.00 
,GW2415SDC,GH W2415 SEDONA CHESTNUT, $185.00 
,GW3015SDC,GH W3015 SEDONA CHESTNUT, $200.00 
,GW3315SDC,GH W3315 SEDONA CHESTNUT, $217.00 
,GW3615SDC,GH W3615 SEDONA CHESTNUT, $217.00 
,GW3018SDC,GH W3018 SEDONA CHESTNUT, $208.00 
,GW3618SDC,GH W3618 SEDONA CHESTNUT, $249.00 
,GW3024SDC,GH W3024 SEDONA CHESTNUT, $320.00 
,GW3624SDC,GH W3624 SEDONA CHESTNUT, $367.00 
,GW331224SDC,GH W331224 SEDONA CHESTNUT, $247.00 
,GW361224SDC,GH W361224 SEDONA CHESTNUT, $272.00 
,GW331524SDC,GH W331524 SEDONA CHESTNUT, $251.00 
,GW361524SDC,GH W361524 SEDONA CHESTNUT, $263.00 
,GW361824SDC,GH W361824 SEDONA CHESTNUT, $319.00 
,GW332424SDC,GH W332424 SEDONA CHESTNUT, $329.00 
,GW362424SDC,GH W362424 SEDONA CHESTNUT, $359.00 
,GW0936SDC,GH W0936 SEDONA CHESTNUT, $181.00 
,GW1236SDC,GH W1236 SEDONA CHESTNUT, $212.00 
,GW1536SDC,GH W1536 SEDONA CHESTNUT, $229.00 
,GW1836SDC,GH W1836 SEDONA CHESTNUT, $268.00 
,GW2136SDC,GH W2136 SEDONA CHESTNUT, $282.00 
,GW2436SDC,GH W2436 SEDONA CHESTNUT, $324.00 
,GW2736SDC,GH W2736 SEDONA CHESTNUT, $356.00 
,GW3036SDC,GH W3036 SEDONA CHESTNUT, $359.00 
,GW3336SDC,GH W3336 SEDONA CHESTNUT, $384.00 
,GW3636SDC,GH W3636 SEDONA CHESTNUT, $409.00 
,GWAC2436SDC,GH WAC2436 SEDONA CHESTNUT, $421.00 
,GWDC2436SDC,GH WDC2436 SEDONA CHESTNUT, $395.00 
,GW0942SDC,GH W0942 SEDONA CHESTNUT, $205.00 
,GW1242SDC,GH W1242 SEDONA CHESTNUT, $240.00 
,GW1542SDC,GH W1542 SEDONA CHESTNUT, $259.00 
,GW1842SDC,GH W1842 SEDONA CHESTNUT, $303.00 
,GW2142SDC,GH W2142 SEDONA CHESTNUT, $319.00 
,GW2442SDC,GH W2442 SEDONA CHESTNUT, $366.00 
,GW2742SDC,GH W2742 SEDONA CHESTNUT, $402.00 
,GW3042SDC,GH W3042 SEDONA CHESTNUT, $406.00 
,GW3342SDC,GH W3342 SEDONA CHESTNUT, $434.00 
,GW3642SDC,GH W3642 SEDONA CHESTNUT, $462.00 
,GWAC2442SDC,GH WAC2442 SEDONA CHESTNUT, $476.00 
,GWDC2442SDC,GHW WDC2442 SEDONA CHESTNUT, $453.00 
,GWDC2742SDC,GH WDC2742 SEDONA CHESTNUT, $509.00 
,GB09SDC,GH B09 SEDONA CHESTNUT (FULL HEIGHT), $231.00 
,GB12SDC,GH B12 SEDONA CHESTNUT, $258.00 
,GB15SDC,GH B15 SEDONA CHESTNUT, $263.00 
,GB18SDC,GH B18 SEDONA CHESTNUT, $287.00 
,GB21SDC,GH B21 SEDONA CHESTNUT, $322.00 
,GB24SDC,GH B24 SEDONA CHESTNUT, $361.00 
,GB27SDC,GH B27 SEDONA CHESTNUT, $405.00 
,GB30SDC,GH B30 SEDONA CHESTNUT, $430.00 
,GB33SDC,GH B33 SEDONA CHESTNUT, $452.00 
,GB36SDC,GH B36 SEDONA CHESTNUT, $474.00 
,GBBC42-45SDC,GH BBC42-45 SEDONA CHESTNUT, $444.00 
,GDB15SDC,GH DB15 SEDONA CHESTNUT, $434.00 
,GDB18SDC,GH DB18 SEDONA CHESTNUT, $442.00 
,GDB21SDC,GH DB21 SEDONA CHESTNUT, $456.00 
,GDB24SDC,GH DB24 SEDONA CHESTNUT, $464.00 
,GDB30SDC,GH DB30 SEDONA CHESTNUT, $476.00 
,GDCB3612SDC,GH DCB3612 SEDONA CHESTNUT, $758.00 
,GBC24SDC,GH BC24 SEDONA CHESTNUT, $818.00 
,GSB30SDC,GH SB30 SEDONA CHESTNUT, $390.00 
,GSB33SDC,GH SB33 SEDONA CHESTNUT, $403.00 
,GSB36SDC,GH SB36 SEDONA CHESTNUT, $415.00 
,GFSB36SDC,GHI FSB36 SEDONA CHEST (FARMHOUSE) SINK, $399.00 
,GSB42SDC,GH SB42 SEDONA CHESTNUT, $455.00 
,GWP1884SDC,GH WP1884 SEDONA CHESTNUT, $802.00 
,GWP2484SDC,GH WP2484 SEDONA CHESTNUT," $1,075.00 "
,GWP1890SDC,GH WP1890 SEDONA CHESTNUT, $861.00 
,GWP2490SDC,GH WP2490 SEDONA CHESTNUT," $1,153.00 "
,GWP1896SDC,GH WP1896 SEDONA CHESTNUT, $890.00 
,GWP2496SDC,GH WP2496 SEDONA CHESTNUT," $1,193.00 "
,GOU332484SDC,GH OU332484 SEDONA CHESTNUT," $1,558.00 "
,GOU332490SDC,GH OU332490 SEDONA CHESTNUT," $1,640.00 "
,GTK8SDC,GH TK8 SEDONA CHESTNUT, $34.00 
,GCM8DM8SDC,GH CM8+ DM8 SEDONA CHESTNUT, $156.00 
,GFBM8SDC,GH FBM8 SEDONA CHESTNUT, $85.00 
,GLRM7SDC,GH LRM7 SEDONA CHESTNUT, $54.00 
,GOSC7SDC,GH OSC7 SEDONA CHESTNUT, $56.00 
,GSCM7SDC,GH SCM7 SEDONA CHESTNUT, $31.00 
,GVAR48SDC,GH VAR48 SEDONA CHESTNUT, $16.00 
,GF330SDC,GH F330 SEDONA CHESTNUT, $9.00 
,GF342SDC,GH F342 SEDONA CHESTNUT, $11.00 
,GF396SDC,GH F396 SEDONA CHESTNUT, $35.00 
,GF642SDC,GH F642 SEDONA CHESTNUT, $22.00 
,GBF3SDC,GH BF3 SEDONA CHESTNUT, $16.00 
,GBEP3LSDC,GH BEP3L SEDONA CHESTNUT, $87.00 
,GEP24X35SDC,GH END PANEL 24X35X3/16 SEDONA, $36.00 
,GWEP12X42SDC,GH WALL END PANEL 12X42 SEDONA, $25.00 
,G3X4PANSDC,"GH 3X4X1/4"" ISLAND PANEL SEDONA CH", $77.00 
,GRP84SDC,GH RP84 SEDONA CHESTNUT, $145.00 
,GRP90SDC,GH RP90 SEDONA CHESTNUT, $154.00 
,GRP96SDC,GH RP96 SEDONA CHESTNUT, $163.00 
,GMC3018SDC,GH MC3018 SEDONA CHESTNUT, $158.00 
,GPR3015SDC,GH PR3015 PLATE RACK SEDONA CH, $220.00 
,GWR3015SDC,GH WR3015 SEDONA CHESTNUT, $218.00 
,GSGH30SDC,GH SGH30 SEDONA CHESTNUT, $150.00 
,G1530MDSDC,GH 1530 MULL DOOR SEDONA CH, $97.00 
,G1830MDSDC,GH 1830 MULL DOOR SEDONA CH, $126.00 
,G3030MDSDC,GH 3030 MULL DR SEDONA CHESTNUT, $204.00 
,G3630MDSDC,GH 3630 MULL DR SEDONA CHE, $244.00 
,GDC2430MDSDC,GH DC2430 MULL DR SEDONA CH, $112.00 
,G1536MDSDC,GH 1536 MULL DOOR SEDONA CHESTNUT, $112.00 
,G1836MDSDC,GH 1836 MULL DR SEDONA CHESTNUT, $145.00 
,G3036MDSDC,GH 3036 MULL DR SEDONA CHESTNUT, $236.00 
,G3636MDSDC,GH 3636 MULL DR SEDONA CHESTNUT, $283.00 
,GDC2436MDSDC,GH DC2436 MULL DR SEDONA CHESTNUT, $136.00 
,G1542MDSDC,GH 1542 MULL DOOR  SEDONA CHE, $126.00 
,G1842MDSDC,GH 1842 MULL DR SEDONA CH, $164.00 
,G3042MDSDC,GH 3042 MULL DR SEDONA CH, $268.00 
,G3642MDSDC,GH 3642 MULL DR SEDONA CHESTNUT, $322.00 
,GDC2442MDSDC,GH DC2442 MULL DR SEDONA CHEST, $145.00 
,GDC2742MDSDC,GH DC2742MD SEDONA CHESTNUT, $156.00 
,GCSF36SDC,GH CSF36 SEDONA CHESTNUT, $139.00 
,G30DDSDC,"GH 30"" DECO DR SEDONA CHESTNUT", $78.00 
,G36DDSDC,"GH 36"" DECO DR SEDONA CHESTNUT", $88.00 
,G42DDSDC,"GH 42"" DECO DR SEDONA CHESTNUT", $112.00 
,GBDDSDC,GH BASE DECO DR SEDONA CHESTNUT, $174.00 
,,,
DeptN,Code,Desc,List Price
,GW0930ACW,GHI W0930 ARCADIA WH SHAKER, $120.00 
,GW1230ACW,GHI W1230 ARCADIA WH SHAKER, $140.00 
,GW1530ACW,GHI W1530 ARCADIA WH SHAKER, $151.00 
,GW1830ACW,GHI W1830 ARCADIA WH SHAKER, $176.00 
,GW2130ACW,GHI W2130 ARCADIA WH SHAKER, $186.00 
,GW2430ACW,GHI W2430 ARCADIA WH SHAKER, $215.00 
,GW2730ACW,GHI W2730 ARCADIA WH SHAKER, $235.00 
,GW3030ACW,GHI W3030 ARCADIA WH SHAKER, $237.00 
,GW3330ACW,GHI W3330 ARCADIA WH SHAKER, $253.00 
,GW3630ACW,GHI W3630 ARCADIA WH SHAKER, $270.00 
,GWAC2430ACW,GHI WAC2430 ARCADIA WH SHAKER, $281.00 
,GWBC2730ACW,GHI WBC2730 ARCADIA WH SHAKER, $234.00 
,GWDC2430ACW,GHI WDC2430 ARCADIA WH SHAKER, $260.00 
,GW3012ACW,GHI W3012 ARCADIA WH SHAKER, $130.00 
,GW3612ACW,GHI W3612 ARCADIA WH SHAKER, $143.00 
,GW2415ACW,GHI W2415 ARCADIA WH SHAKER, $142.00 
,GW3015ACW,GHI W3015 ARCADIA WH SHAKER, $154.00 
,GW3315ACW,GHI W3315 ARCADIA WH SHAKER, $166.00 
,GW3615ACW,GHI W3615 ARCADIA WH SHAKER, $167.00 
,GW3018ACW,GHI W3018 ARCADIA WH SHAKER, $160.00 
,GW3618ACW,GHI W3618 ARCADIA WH SHAKER, $190.00 
,GW3024ACW,GHI W3024 ARCADIA WH SHAKER, $243.00 
,GW3624ACW,GHI W3624 ARCADIA WH SHAKER, $278.00 
,GW331224ACW,GHI W331224 ARCADIA WH SHAKER, $174.00 
,GW361224ACW,GHI W361224 ARCADIA WH SHAKER, $191.00 
,GW331524ACW,GHI W331524 ARCADIA WH SHAKER, $192.00 
,GW361524ACW,GHI W361524 ARCADIA WH SHAKER, $201.00 
,GW361824ACW,GHI W361824 ARCADIA WH SHAKER, $242.00 
,GW332424ACW,GHI W332424 ARCADIA WH SHAKER, $250.00 
,GW362424ACW,GHI W362424 ARCADIA WH SHAKER, $272.00 
,GW0936ACW,GHI W0936 ARCADIA WH SHAKER, $138.00 
,GW1236ACW,GHI W1236 ARCADIA WH SHAKER, $161.00 
,GW1536ACW,GHI W1536 ARCADIA WH SHAKER, $173.00 
,GW1836ACW,GHI W1836 ARCADIA WH SHAKER, $202.00 
,GW2136ACW,GHI W2136 ARCADIA WH SHAKER, $213.00 
,GW2436ACW,GHI W2436 ARCADIA WH SHAKER, $246.00 
,GW2736ACW,GHI W2736 ARCADIA WH SHAKER, $270.00 
,GW3036ACW,GHI W3036 ARCADIA WH SHAKER, $272.00 
,GW3336ACW,GHI W3336 ARCADIA WH SHAKER, $291.00 
,GW3636ACW,GHI W3636 ARCADIA WH SHAKER, $310.00 
,GWAC2436ACW,GHI WAC2436 ARCADIA WH SHAKER, $323.00 
,GWDC2436ACW,GHI WDC2436 ARCADIA WH SHAKER, $295.00 
,GWDC2736ACW,GHI WDC2736 ARCADIA WH SHAKER, $335.00 
,GW0942ACW,GHI W0942 ARCADIA WH SHAKER, $155.00 
,GW1242ACW,GHI W1242 ARCADIA WH SHAKER, $181.00 
,GW1542ACW,GHI W1542 ARCADIA WH SHAKER, $196.00 
,GW1842ACW,GHI W1842 ARCADIA WH SHAKER, $228.00 
,GW2142ACW,GHI W2142 ARCADIA WH SHAKER, $240.00 
,GW2442ACW,GHI W2442 ARCADIA WH SHAKER, $278.00 
,GW2742ACW,GHI W2742 ARCADIA WH SHAKER, $304.00 
,GW3042ACW,GHI W3042 ARCADIA WH SHAKER, $307.00 
,GW3342ACW,GHI W3342 ARCADIA WH SHAKER, $328.00 
,GW3642ACW,GHI W3642 ARCADIA WH SHAKER, $349.00 
,GWAC2442ACW,GHI WAC2442 ARCADIA WH SHAKER, $365.00 
,GWDC2442ACW,GHI WDC2442 ARCADIA WH SHAKER, $340.00 
,GWDC2742ACW,GHI WDC2742 ARCADIA WH SHAKER, $382.00 
,GB09ACW,GHI B09 ARCADIA WH SHAKER(FH), $191.00 
,GB12ACW,GHI B12 ARCADIA WH SHAKER, $214.00 
,GB15ACW,GHI B15 ARCADIA WH SHAKER, $217.00 
,GB18ACW,GHI B18 ARCADIA WH SHAKER, $236.00 
,GB18FHACW,GHI B18FH ARCADIA WH SHAKER, $195.00 
,GB21ACW,GHI B21 ARCADIA WH SHAKER, $262.00 
,GB24ACW,GHI B24 ARCADIA WH SHAKER, $284.00 
,GB27ACW,GHI B27 ARCADIA WH SHAKER, $317.00 
,GB30ACW,GHI B30 ARCADIA WH SHAKER, $364.00 
,GB33ACW,GHI B33 ARCADIA WH SHAKER, $380.00 
,GB36ACW,GHI B36 ARCADIA WH SHAKER, $396.00 
,GBBC42-45ACW,GHI BBC42-45 ARCADIA WH SHAKER, $332.00 
,GDB15ACW,GHI DB15 ARCADIA WH SHAKER, $382.00 
,GDB18ACW,GHI DB18 ARCADIA WH SHAKER, $388.00 
,GDB21ACW,GHI DB21 ARCADIA WH SHAKER, $398.00 
,GDB24ACW,GHI DB24 ARCADIA WH SHAKER, $404.00 
,GDB24-2ACW,GHI DB24-2 AR WH SHAKER-2 drawer, $370.00 
,GDB30ACW,GHI DB30 ARCADIA WH SHAKER, $413.00 
,GDB30-2ACW,GHI DB30-2 ARCADIA WH SHA-2 drawer, $379.00 
,GDCB3612ACW,GHI DCB3612 ARCADIA WH SHAKER, $566.00 
,GBC24ACW,GHI BC24 ARCADIA WH SHAKER, $611.00 
,GSB30ACW,GHI SB30 ARCADIA WH SHAKER, $295.00 
,GSB33ACW,GHI SB33 ARCADIA WH SHAKER, $305.00 
,GSB36ACW,GHI SB36 ARCADIA WH SHAKER, $314.00 
,GFSB36ACW,GHI FSB36 ARCADIA WH SHAK (FARMHOUSE) SINK, $305.00 
,GSB42ACW,GHI SB42 ARCADIA WH SHAKER, $344.00 
,GSB60ACW,GHI SB60 ARCADIA WH SHAKER, $490.00 
,GWP1884ACW,GHI WP1884 ARCADIA WH SHAKER, $603.00 
,GWP2484ACW,GHI WP2484 ARCADIA WH SHAKER, $811.00 
,GWP1890ACW,GHI WP1890 ARCADIA WH SHAKER, $647.00 
,GWP2490ACW,GHI WP2490 ARCADIA WH SHAKER, $869.00 
,GWP1896ACW,GHI WP1896 ARCADIA WH SHAKER, $669.00 
,GWP2496ACW,GHI WP2496 ARCADIA WH SHAKER, $899.00 
,GOU332484ACW,GHI OU332484 ARCADIA WH SHAKER," $1,252.00 "
,GOU332490ACW,GHI OU332490 ARCADIA WH SHAKER," $1,311.00 "
,GTK8ACW,GHI TK8 ARCADIA WH SHAKER, $22.00 
,GCM8ACW,GHI CM8 ARCADIA WHI SHAKER, $72.00 
,GSM8ACW,GHI SHAKER CROWN MOLD ARCAD WH, $69.00 
,GFBM8ACW,GHI FBM8 ARCADIA WHITE, $68.00 
,GLRMS7ACW,GHI LRMS7 ARCADIA WH SHAKER, $35.00 
,GOSC7ACW,GHI OSC7 ARCADIA WH SHAKER, $39.00 
,GSCM7ACW,GHI SCM7 ARCADIA WH SHAKER, $23.00 
,GVAR48ACW,GHI VAR48 ARCADIA WH SHAKER, $12.00 
,GF330ACW,GHI F330 ARCADIA WH SHAKER, $6.00 
,GF342ACW,GHI F342 ARCADIA WH SHAKER, $7.00 
,GF396ACW,GHI F396 ARCADIA WH SHAKER, $17.00 
,GF642ACW,GHI F642 ARCADIA WH SHAKER, $14.00 
,GBF3ACW,GHI BF3 ARCADIA WH SHAKER, $10.00 
,GBEP3LACW,GHI BEP3L ARCADIA WH SHAKER, $65.00 
,GEP24X35ACW,GHI END PA 24X35X3/16 AR WH SH, $27.00 
,GWEP12X42ACW,GHI WALL END PA 12X42 AR WH SH, $19.00 
,G3X4PANACW,"GHI 3X4X1/4"" ARCADIA WH SHAKER", $58.00 
,GRP84ACW,GHI RP84 ARCADIA WH SHAKER, $109.00 
,GRP90ACW,GHI RP90 ARCADIA WH SHAKER, $115.00 
,GRP96ACW,GHI RP96 ARCADIA WH SHAKER, $122.00 
,GMC3018ACW,GHI MC3018 ARCADIA WH SHAKER, $118.00 
,GPR3015ACW,GHI PR3015 ARCADIA WH SHAKER, $164.00 
,GWR3015ACW,GHI WR3015 ARCADIA WH SHAKER, $163.00 
,GSGH30ACW,GHI SGH30 ARCADIA WH SHAKER, $98.00 
,G1530MDACW,GHI 1530MD ARCADIA WH SHAKER, $73.00 
,G1830MDACW,GHI 1830MD ARCADIA WH SHAKER, $94.00 
,G3030MDACW,GHI 3030 MD ARCADIA WH SH/2 PK, $152.00 
,G3630MDACW,GHI 3630 MD ARCADIA WH SH/2PK, $182.00 
,GDC2430MDACW,GHI DC2430MD ARCADIA WH SHAKER, $84.00 
,G1536MDACW,GHI 1536MD ARCADIA WH SHAKER, $84.00 
,G1836MDACW,GHI 1836 MULL DR ARCADIA WH SH, $108.00 
,G3036MDACW,GHI 3036 MUL DR ARCADIA WH/2PK, $176.00 
,G3636MDACW,GHI 3636 MUL DR ARCADIA WH/2PK, $211.00 
,GDC2436MDACW,GHI DC2436 MULL DR ARCADIA WHI, $102.00 
,GDC2736MDACW,GHI DC2736 MULL DR ACARDIA WHI, $110.00 
,G1542MDACW,GHI 1542 MULL DR ARCADIA WH SH, $94.00 
,G1842MDACW,GHI 1842 MULL DR ARCADIA WH SH, $123.00 
,G3042MDACW,GHI 3042 MULL DR ARCADIA WH/2P, $200.00 
,G3642MDACW,GHI 3642 MULL DR ARCADIA WH/2P, $240.00 
,GDC2442MDACW,GHI DC2442 MULL DR ARCADIA WH , $109.00 
,GDC2742MDACW,GHI DC2742MD ARCADIA WH SHAKER, $117.00 
,GCSF36ACW,GHI CSF36 ARCADIA WH SHAKER, $103.00 
,G30DDACW,"GHI 30"" DECO DR ARCADIA WH SHA", $58.00 
,G36DDACW,"GHI 36"" DECO DR ARCADIA WH SHA", $71.00 
,G42DDACW,"GHI 42"" DECO DR ARCADIA WH SHA", $83.00 
,GBDDACW,GHI BASE DECO DR ARCADIA WH SH, $129.00 
,,,
,GV1816ACW,GHI V1816 ARCADIA WHITE SHAKER, $150.00 
,GV2418ACW,GHI V2418 ARCADIA WHITE SHAKER, $190.00 
,GV2421ACW,GHI V2421 ARCADIA WHITE SHAKER, $197.00 
,GVDB1221ACW,GHI VDB1221 ARCADIA WHITE SHAK, $311.00 
,GV3021DACW,GHI V3021D ARCADIA WHITE SHAKE, $283.00 
,GV3621DACW,GHI V3621D ARCADIA WHITE SHAKE, $324.00 
,GV4821DACW,GHI V4821D ARCADIA WHITE SHAKE, $415.00 
,GV6021DACW,GHI V6021D ARCADIA WHITE SHAKE, $520.00 
,GL781821ACW,GHI L781821 ARCADIA WHITE SHAK, $555.00 
,GBV2126ACW,GHI BV2126 ARCADIA WHITE SHAKE, $158.00 
,GSM3030ACW,GHI SM3030 ARCADIA WHITE SHAKER, $233.00 
,GSM3630ACW,GHI SM3630 ARCADIA WHITE SHAKER, $251.00 
,,,
DeptN,Code,Desc,List Price
,GW0930ACL,GHI W0930 ACL LINEN SHAKER, $120.00 
,GW1230ACL,GHI W1230 ACL LINEN SHAKER, $140.00 
,GW1530ACL,GHI W1530 ACL LINEN SHAKER, $151.00 
,GW1830ACL,GHI W1830 ACL LINEN SHAKER, $176.00 
,GW2130ACL,GHI W2130 ACL LINEN SHAKER, $186.00 
,GW2430ACL,GHI W2430 ACL LINEN SHAKER, $215.00 
,GW2730ACL,GHI W2730 ACL LINEN SHAKER, $235.00 
,GW3030ACL,GHI W3030 ACL LINEN SHAKER, $237.00 
,GW3330ACL,GHI W3330 ACL LINEN SHAKER, $253.00 
,GW3630ACL,GHI W3630 ACL LINEN SHAKER, $270.00 
,GWAC2430ACL,GHI WAC2430 ACL LINEN SHAKER, $281.00 
,GWBC2730ACL,GHI WBC2730 ACL LINEN SHAKER, $234.00 
,GWDC2430ACL,GHI WDC2430 ACL LINEN SHAKER, $260.00 
,GW3012ACL,GHI W3012 ACL LINEN SHAKER, $130.00 
,GW3612ACL,GHI W3612 ACL LINEN SHAKER, $143.00 
,GW2415ACL,GHI W2415 ACL LINEN SHAKER, $142.00 
,GW3015ACL,GHI W3015 ACL LINEN SHAKER, $154.00 
,GW3315ACL,GHI W3315 ACL LINEN SHAKER, $166.00 
,GW3615ACL,GHI W3615 ACL LINEN SHAKER, $167.00 
,GW3018ACL,GHI W3018 ACL LINEN SHAKER, $160.00 
,GW3618ACL,GHI W3618 ACL LINEN SHAKER, $190.00 
,GW3024ACL,GHI W3024 ACL LINEN SHAKER, $243.00 
,GW3624ACL,GHI W3624 ACL LINEN SHAKER, $278.00 
,GW331224ACL,GHI W331224 ACL LINEN SHAKER, $174.00 
,GW361224ACL,GHI W361224 ACL LINEN SHAKER, $191.00 
,GW331524ACL,GHI W331524 ACL LINEN SHAKER, $192.00 
,GW361524ACL,GHI W361524 ACL LINEN SHAKER, $201.00 
,GW361824ACL,GHI W361824 ACL LINEN SHAKER, $242.00 
,GW332424ACL,GHI W332424 ACL LINEN SHAKER, $250.00 
,GW362424ACL,GHI W362424 ACL LINEN SHAKER, $272.00 
,GW0936ACL,GHI W0936 ACL LINEN SHAKER, $138.00 
,GW1236ACL,GHI W1236 ACL LINEN SHAKER, $161.00 
,GW1536ACL,GHI W1536 ACL LINEN SHAKER, $173.00 
,GW1836ACL,GHI W1836 ACL LINEN SHAKER, $202.00 
,GW2136ACL,GHI W2136 ACL LINEN SHAKER, $213.00 
,GW2436ACL,GHI W2436 ACL LINEN SHAKER, $246.00 
,GW2736ACL,GHI W2736 ACL LINEN SHAKER, $270.00 
,GW3036ACL,GHI W3036 ACL LINEN SHAKER, $272.00 
,GW3336ACL,GHI W3336 ACL LINEN SHAKER, $291.00 
,GW3636ACL,GHI W3636 ACL LINEN SHAKER, $310.00 
,GWAC2436ACL,GHI WAC2436 AR LINEN SHAKER, $323.00 
,GWDC2436ACL,GHI WDC2436 ACL LINEN SHAKER, $295.00 
,GWDC2736ACL,GHI WDC2736 ACL LINEN SHAKER, $335.00 
,GW0942ACL,GHI W0942 ACL LINEN SHAKER, $155.00 
,GW1242ACL,GHI W1242 ACL LINEN SHAKER, $181.00 
,GW1542ACL,GHI W1542 ACL LINEN SHAKER, $196.00 
,GW1842ACL,GHI W1842 ACL LINEN SHAKER, $228.00 
,GW2142ACL,GHI W2142 ACL LINEN SHAKER, $240.00 
,GW2442ACL,GHI W2442 ACL LINEN SHAKER, $278.00 
,GW2742ACL,GHI W2742 ACL LINEN SHAKER, $304.00 
,GW3042ACL,GHI W3042 ACL LINEN SHAKER, $307.00 
,GW3342ACL,GHI W3342 ACL LINEN SHAKER, $328.00 
,GW3642ACL,GHI W3642 ACL LINEN SHAKER, $349.00 
,GWAC2442ACL,GHI W2442 ACL LINEN SHAKER, $365.00 
,GWDC2442ACL,GHI WDC2442 ACL LINEN SHAKER, $340.00 
,GWDC2742ACL,GHI WDC2742 ACL LINEN SHAKER, $382.00 
,GB09ACL,GHI B09 ACL LINEN SHAKER(FH), $191.00 
,GB12ACL,GHI B12 ACL LINEN SHAKER, $214.00 
,GB15ACL,GHI B15 ACL LINEN SHAKER, $217.00 
,GB18ACL,GHI B18 ACL LINEN SHAKER, $236.00 
,GB18AFHACL,GHI B18FH ACL LINEN SHAKER, $195.00 
,GB21ACL,GHI B21 ACL LINEN SHAKER, $262.00 
,GB24ACL,GHI B24 ACL LINEN SHAKER, $284.00 
,GB27ACL,GHI B27 ACL LINEN SHAKER, $317.00 
,GB30ACL,GHI B30 ACL LINEN SHAKER, $364.00 
,GB33ACL,GHI B33 ACL LINEN SHAKER, $380.00 
,GB36ACL,GHI B36 ACL LINEN SHAKER, $396.00 
,GBBC42-45ACL,GHI BBC42-45 ACL LINEN SHAKER, $332.00 
,GDB15ACL,GHI DB15 ACL LINEN SHAKER, $382.00 
,GDB18ACL,GHI DB18 ACL LINEN SHAKER, $388.00 
,GDB21ACL,GHI DB21 ACL LINEN SHAKER, $398.00 
,GDB24ACL,GHI DB24 ACL LINEN SHAKER, $404.00 
,GDB24-2ACL,GHI DB24-2 ACL LINEN SHA-2 drawer, $370.00 
,GDB30ACL,GHI DB30 ACL LINEN SHAKER, $413.00 
,GDB30-2ACL,GHI DB30-2 ACL LINEN SHA-2 drawer, $379.00 
,GDCB3612ACL,GHI DCB3612 ACL LINEN SHAKER, $566.00 
,GBC24ACL,GHI BC24 ACL LINEN SHAKER, $611.00 
,GSB30ACL,GHI SB30 ACL LINEN SHAKER, $295.00 
,GSB33ACL,GHI SB33 ACL LINEN SHAKER, $305.00 
,GSB36ACL,GHI SB36 ACL LINEN SHAKER, $314.00 
,GFSB36ACL,GHI FSB36 ACL LINEN SHAK (FARMHOUSE) SINK, $305.00 
,GSB42ACL,GHI SB42 ACL LINEN SHAKER, $344.00 
,GSB60ACL,GHI SB60 ACL LINEN SHAKER, $490.00 
,GWP1884ACL,GHI WP1884 ACL LINEN SHAKER, $603.00 
,GWP2484ACL,GHI WP2484 ACL LINEN SHAKER, $811.00 
,GWP1890ACL,GHI WP1890 ACL LINEN SHAKER, $647.00 
,GWP2490ACL,GHI WP2490 ACL LINEN SHAKER, $869.00 
,GWP1896ACL,GHI WP1896 ACL LINEN SHAKER, $669.00 
,GWP2496ACL,GHI WP2496 ACL LINEN SHAKER, $899.00 
,GOU332484ACL,GHI OU332484 ACL LINEN SHAKER," $1,252.00 "
,GOU332490ACL,GHI OU332490 ACL LINEN SHAKER," $1,311.00 "
,GTK8LW,GHI TK8  LINEN WHITE (ACL/NTL), $22.00 
,GCM8ACL,GHI CM8 ACLADIA LINEN SHAKER, $72.00 
,GSM8ACL,GHI SHAKER CROWN ACL LINEN SH, $69.00 
,GFBM8LW,GHI FBM8 LINEN WHITE (ACL/NTL), $68.00 
,GLRMS7ACL,GHI LRM7 ACL LINEN SHAKER, $35.00 
,GOSC7LW,GHI OSC7  LINEN WHITE (ACL/NTL), $39.00 
,GSCM7LW,GHI SCM7  LINEN WHITE (ACL/NTL), $23.00 
,GVAR48LW,GHI VAR48  LINEN WHITE (ACL/NTL), $12.00 
,GF330LW,GHI F330  LINEN WHITE (ACL/NTL), $6.00 
,GF342LW,GHI F342 LINEN WHITE (ACL/NTL), $7.00 
,GF396LW,GHI F396  LINEN WHITE (ACL/NTL), $17.00 
,GF642LW,GHI F642  LINEN WHITE (ACL/NTL), $14.00 
,GBF3LW,GHI BF3 LINEN WHITE (ACL/NTL), $10.00 
,GBEP3LLW,GHI BEP3L LINEN WHITE (ACL/NTL), $65.00 
,GEP24X35LW,GHI END PA 24X35X3/16  LIN WH (ACL/NTL), $27.00 
,GWEP12X42LW,GHI WALL END PA 12X42 LIN WH (ACL/NTL), $19.00 
,G3X4PANLW,"GHI 3X4X1/4"" LINEN WHITE (ACL/NTL)", $58.00 
,GRP84LW,GHI RP84 LINEN WHITE (ACL/NTL), $109.00 
,GRP90LW,GHI RP90 LINEN WHITE (ACL/NTL), $115.00 
,GRP96LW,GHI RP96  LINEN WHITE (ACL/NTL), $122.00 
,GMC3018ACL,GHI MC3018 ACL LINEN SHAKER, $118.00 
,GPR3015ACL,GHI PR3015 ACL LINEN SHAKER, $164.00 
,GWR3015ACL,GHI WR3015 ACL LINEN SHAKER, $163.00 
,GSGH30ACL,GHI SGH30 ACL LINEN SHAKER, $98.00 
,G1530MDACL,GHI 1530MD ACL LINEN SHAKER, $73.00 
,G1830MDACL,GHI 1830MD ACL LINEN SHAKER, $94.00 
,G3030MDACL,GHI 3030 MD ACL LINEN SH/2PK, $152.00 
,G3630MDACL,GHI 3630 MD ACL LINEN SH/2PK, $182.00 
,GDC2430MDACL,GHI DC2430MD ACL LINEN SHAKER, $84.00 
,G1536MDACL,GHI 1536MD ACL LINEN SHAKER, $84.00 
,G1836MDACL,GHI 1836 MULL DR ACL LINEN SH, $108.00 
,G3036MDACL,GHI 3036 MUL DR ACL LIN SH/2PK, $176.00 
,G3636MDACL,GHI 3636 MUL DR ACL LIN SH/2PK, $211.00 
,GDC2436MDACL,GHI DC2436 MULL DR ACL LIN SH, $102.00 
,GDC2736MDACL,GHI DC2736 MULL DR ACL LIN SH, $110.00 
,G1542MDACL,GHI 1542 MULL DR ACL LINEN  SH, $94.00 
,G1842MDACL,GHI 1842 MULL DR ACL LINEN SH, $123.00 
,G3042MDACL,GHI 3042 MULL DR ACL LIN SH/2P, $200.00 
,G3642MDACL,GHI 3642 MULL DR ACL LIN SH/2P, $240.00 
,GDC2442MDACL,GHI DC2442 MULL DR ACL LINEN SH, $109.00 
,GDC2742MDACL,GHI DC2742MD ACL LINEN SHAKER, $117.00 
,GCSF36ACL,GHI CSF36 ACL LINEN SHAKER, $103.00 
,G30DDACL,"GHI 30"" DECO DR ACL LINEN SHAK", $58.00 
,G36DDACL,"GHI 36"" DECO DR ACL LINEN SHAK", $71.00 
,G42DDACL,"GHI 42"" DECO DR ACL LINEN SHAK", $83.00 
,GBDDACL,GHI BASE DECO DR ACL LINEN SHA, $129.00 
,,,
DeptN,Code,Desc,List Price
,GW0930SHG,GHI W0930 STONE HARBOR GRAY, $120.00 
,GW1230SHG,GHI W1230 STONE HARBOR GRAY, $140.00 
,GW1530SHG,GHI W1530 STONE HARBOR GRAY, $151.00 
,GW1830SHG,GHI W1830 STONE HARBOR GRAY, $176.00 
,GW2130SHG,GHI W2130 STONE HARBOR GRAY, $186.00 
,GW2430SHG,GHI W2430 STONE HARBOR GRAY, $215.00 
,GW2730SHG,GHI W2730 STONE HARBOR GRAY, $235.00 
,GW3030SHG,GHI W3030 STONE HARBOR GRAY, $237.00 
,GW3330SHG,GHI W3330 STONE HARBOR GRAY, $253.00 
,GW3630SHG,GHI W3630 STONE HARBOR GRAY, $270.00 
,GWAC2430SHG,GHI WAC2430 STONE HARBOR GRAY, $281.00 
,GWBC2730SHG,GHI WBC2730 STONE HARBOR GRAY, $234.00 
,GWDC2430SHG,GHI WDC2430 STONE HARBOR GRAY, $260.00 
,GW3012SHG,GHI W3012 STONE HARBOR GRAY, $130.00 
,GW3612SHG,GHI W3612 STONE HARBOR GRAY, $143.00 
,GW2415SHG,GHI W2415 STONE HARBOR GRAY, $142.00 
,GW3015SHG,GHI W3015 STONE HARBOR GRAY, $154.00 
,GW3315SHG,GHI W3315 STONE HARBOR GRAY, $166.00 
,GW3615SHG,GHI W3615 STONE HARBOR GRAY, $167.00 
,GW3018SHG,GHI W3018 STONE HARBOR GRAY, $160.00 
,GW3618SHG,GHI W3618 STONE HARBOR GRAY, $190.00 
,GW3024SHG,GHI W3024 STONE HARBOR GRAY, $243.00 
,GW3624SHG,GHI W3624 STONE HARBOR GRAY, $278.00 
,GW331224SHG,GHI W331224 STONE HARBOR GRAY, $174.00 
,GW361224SHG,GHI W361224 STONE HARBOR GRAY, $191.00 
,GW331524SHG,GHI W331524 STONE HARBOR GRAY, $192.00 
,GW361524SHG,GHI W361524 STONE HARBOR GRAY, $201.00 
,GW361824SHG,GHI W361824 STONE HARBOR GRAY, $242.00 
,GW332424SHG,GHI W332424 STONE HARBOR GRAY, $250.00 
,GW362424SHG,GHI W362424 STONE HARBOR GRAY, $272.00 
,GW0936SHG,GHI W0936 STONE HARBOR GRAY, $138.00 
,GW1236SHG,GHI W1236 STONE HARBOR GRAY, $161.00 
,GW1536SHG,GHI W1536 STONE HARBOR GRAY, $173.00 
,GW1836SHG,GHI W1836 STONE HARBOR GRAY, $202.00 
,GW2136SHG,GHI W2136 STONE HARBOR GRAY, $213.00 
,GW2436SHG,GHI W2436 STONE HARBOR GRAY, $246.00 
,GW2736SHG,GHI W2736 STONE HARBOR GRAY, $270.00 
,GW3036SHG,GHI W3036 STONE HARBOR GRAY, $272.00 
,GW3336SHG,GHI W3336 STONE HARBOR GRAY, $291.00 
,GW3636SHG,GHI W3636 STONE HARBOR GRAY, $310.00 
,GWAC2436SHG,GHI WAC2436 STONE HARBOR GRAY, $323.00 
,GWDC2436SHG,GHI WDC2436 STONE HARBOR GRAY, $295.00 
,GWDC2736SHG,GHI WDC2736 STONE HARBOR GRAY, $335.00 
,GW0942SHG,GHI W0942 STONE HARBOR GRAY, $155.00 
,GW1242SHG,GHI W1242 STONE HARBOR GRAY, $181.00 
,GW1542SHG,GHI W1542 STONE HARBOR GRAY, $196.00 
,GW1842SHG,GHI W1842 STONE HARBOR GRAY, $228.00 
,GW2142SHG,GHI W2142 STONE HARBOR GRAY, $240.00 
,GW2442SHG,GHI W2442 STONE HARBOR GRAY, $278.00 
,GW2742SHG,GHI W2742 STONE HARBOR GRAY, $304.00 
,GW3042SHG,GHI W3042 STONE HARBOR GRAY, $307.00 
,GW3342SHG,GHI W3342 STONE HARBOR GRAY, $328.00 
,GW3642SHG,GHI W3642 STONE HARBOR GRAY, $349.00 
,GWAC2442SHG,GHI W2442 STONE HARBOR GRAY, $365.00 
,GWDC2442SHG,GHI WDC2442 STONE HARBOR GRAY, $340.00 
,GWDC2742SHG,GHI WDC2742 STONE HARBOR GRAY, $382.00 
,GB09SHG,GHI B09 STONE HARBOR GRAY(FH), $191.00 
,GB12SHG,GHI B12 STONE HARBOR GRAY, $214.00 
,GB15SHG,GHI B15 STONE HARBOR GRAY, $217.00 
,GB18SHG,GHI B18 STONE HARBOR GRAY, $236.00 
,GB18FHSHG,GHI B18FH STONE HARBOR GRAY, $195.00 
,GB21SHG,GHI B21 STONE HARBOR GRAY, $262.00 
,GB24SHG,GHI B24 STONE HARBOR GRAY, $284.00 
,GB27SHG,GHI B27 STONE HARBOR GRAY, $317.00 
,GB30SHG,GHI B30 STONE HARBOR GRAY, $364.00 
,GB33SHG,GHI B33 STONE HARBOR GRAY, $380.00 
,GB36SHG,GHI B36 STONE HARBOR GRAY, $396.00 
,GBBC42-45SHG,GHI BBC42-45 STONE HARBOR GRAY, $332.00 
,GDB15SHG,GHI DB15 STONE HARBOR GRAY, $382.00 
,GDB18SHG,GHI DB18 STONE HARBOR GRAY, $388.00 
,GDB21SHG,GHI DB21 STONE HARBOR GRAY, $398.00 
,GDB24SHG,GHI DB24 STONE HARBOR GRAY, $404.00 
,GDB24-2SHG,GHI DB24-2 STONE HAR GRAY-2 drawer, $370.00 
,GDB30SHG,GHI DB30 STONE HARBOR GRAY, $413.00 
,GDB30-2SHG,GHI DB30-2STONE HARB GRAY-2 drawer, $379.00 
,GDCB3612SHG,GHI DCB3612 STONE HARBOR GRAY, $566.00 
,GBC24SHG,GHI BC24 STONE HARBOR GRAY, $611.00 
,GSB30SHG,GHI SB30 STONE HARBOR GRAY, $295.00 
,GSB33SHG,GHI SB33 STONE HARBOR GRAY, $305.00 
,GSB36SHG,GHI SB36 STONE HARBOR GRAY, $314.00 
,GFSB36SHG,GHI FSB36 STONE HARBOR GRAY (FARMHOUSE SINK), $305.00 
,GSB42SHG,GHI SB42 STONE HARBOR GRAY, $344.00 
,GSB60SHG,GHI SB60 STONE HARBOR GRAY, $490.00 
,GWP1884SHG,GHI WP1884 STONE HARBOR GRAY, $603.00 
,GWP2484SHG,GHI WP2484 STONE HARBOR GRAY, $811.00 
,GWP1890SHG,GHI WP1890 STONE HARBOR GRAY, $647.00 
,GWP2490SHG,GHI WP2490 STONE HARBOR GRAY, $869.00 
,GWP1896SHG,GHI WP1896 STONE HARBOR GRAY, $669.00 
,GWP2496SHG,GHI WP2496 STONE HARBOR GRAY, $899.00 
,GOU332484SHG,GHI OU332484 STONE HARBOR GRAY," $1,252.00 "
,GOU332490SHG,GHI OU332490 STONE HARBOR GRAY," $1,311.00 "
,GTK8SHG,GHI TK8 STONE HARBOR GRAY, $22.00 
,GCM8SHG,GHI CM8 STONE HARBOR GRAY, $72.00 
,GSM8SHG,GHI SHAKER CR STONE HARBOR GRA, $69.00 
,GFBM8SHG,GHI FBM8 STONE HARBOR GRAY, $68.00 
,GLRMS7SHG,GHI LRMS7 STONE HARBOR GRAY, $35.00 
,GOSC7SHG,GHI OSC7 STONE HARBOR GRAY, $39.00 
,GSCM7SHG,GHI SCM7 STONE HARBOR GRAY, $23.00 
,GVAR48SHG,GHI VAR48 STONE HARBOR GRAY, $12.00 
,GF330SHG,GHI F330 STONE HARBOR GRAY, $6.00 
,GF342SHG,GHI F342 STONE HARBOR GRAY, $7.00 
,GF396SHG,GHI F396 STONE HARBOR GRAY, $17.00 
,GF642SHG,GHI F642 STONE HARBOR GRAY, $14.00 
,GBF3SHG,GHI BF3 STONE HARBOR GRAY, $10.00 
,GBEP3LSHG,GHI BEP3L STONE HARBOR GRAY, $65.00 
,GEP24X35SHG,GHI END  24X35X3/16 ST HAR GRA, $27.00 
,GWEP12X42SHG,GHI WALL END PA 12X42 ST HA, $19.00 
,G3X4PANSHG,"GHI 3X4X1/4"" STONE HARBOR GRAY", $58.00 
,GRP84SHG,GHI RP84 STONE HARBOR GRAY, $109.00 
,GRP90SHG,GHI RP90 STONE HARBOR GRAY, $115.00 
,GRP96SHG,GHI RP96 STONE HARBOR GRAY, $122.00 
,GMC3018SHG,GHI MC3018 STONE HARBOR GRAY, $118.00 
,GPR3015SHG,GHI PR3015 STONE HARBOR GRAY, $164.00 
,GWR3015SHG,GHI WR3015 STONE HARBOR GRAY, $163.00 
,GSGH30SHG,GHI SGH30 STONE HARBOR GRAY, $98.00 
,G1530MDSHG,GHI 1530MD STONE HARBOR GRAY, $73.00 
,G1830MDSHG,GHI 1830MD STONE HARBOR GRAY, $94.00 
,G3030MDSHG,GHI 3030 MD STONE HAR GRA /2PK, $152.00 
,G3630MDSHG,GHI 3630 MD STONE  HAR GRA/2PK, $182.00 
,GDC2430MDSHG,GHI DC2430MD STONE HARBOR GRAY, $84.00 
,G1536MDSHG,GHI 1536MD STONE HARBOR GRAY, $84.00 
,G1836MDSHG,GHI 1836 MULL DR STONE HAR GRA, $108.00 
,G3036MDSHG,GHI 3036 MUL DR ST HAR GRA/2PK, $176.00 
,G3636MDSHG,GHI 3636 MUL DR ST HAR GRA/2PK, $211.00 
,GDC2436MDSHG,GHI DC2436 MULL DR ST HAR GRAY, $102.00 
,GDC2736MDSHG,GHI DC2736 MULL DR ST HAR GRAY, $110.00 
,G1542MDSHG,GHI 1542 MULL DR ST HARBO GRAY, $94.00 
,G1842MDSHG,GHI 1842 MULL DR ST HARBO GRAY, $123.00 
,G3042MDSHG,GHI 3042 MULL DR ST HAR GRA/2P, $200.00 
,G3642MDSHG,GHI 3642 MULL DR ST HAR GRA/2P, $240.00 
,GDC2442MDSHG,GHI DC2442 MULL DR ST HAR GRAY, $109.00 
,GDC2742MDSHG,GHI DC2742MD STONE HARBOR GRAY, $117.00 
,GCSF36SHG,GHI CSF36 STONE HARBOR GRAY, $103.00 
,G30DDSHG,"GHI 30"" DECO DR STONE HAR GRAY", $58.00 
,G36DDSHG,"GHI 36"" DECO DR STONE HAR GRAY", $71.00 
,G42DDSHG,"GHI 42"" DECO DR STONE HAR GRAY", $83.00 
,GBDDSHG,GHI BASE DECO DR STONE HAR GRA, $129.00 
,,,
,GV1816SHG,GHI V1816 STONE HARBOR GRA, $151.00 
,GV2418SHG,GHI V2418 STONE HARBOR GRA, $190.00 
,GV2418DSHG,GHI V2418D STONE HARBOR GRAY, $280.00 
,GV2421SHG,GHI V2421 STONE HARBOR GRAY, $197.00 
,GVDB1221SHG,GHI VDB1221 STONE HARBOR GRAY, $323.00 
,GV3021DSHG,GHI V3021D STONE HARBOR GRAY, $326.00 
,GV3621DSHG,GHI V3621D STONE HARBOR GRAY, $371.00 
,GV4821DSHG,GHI V4821D STONE HARBOR GRAY, $516.00 
,GV6021DSHG,GHI V6021D STONE HARBOR GRAY, $616.00 
,GL781821SHG,GHI L781821 STONE HARBOR GRAY, $549.00 
,GBV2126SHG,GHI BV2126 STONE HARBOR GRAY, $158.00 
,GSM1719SHG,GHI SM1719 STONE HARBOR GRAY, $99.00 
,GM2430SHG,GHI M2430 STONE HARBOR GRAY, $171.00 
,GM3030SHG,GHI M3030 STONE HARBOR GRAY, $197.00 
,GM3630SHG,GHI M3630 STONE HARBOR GRAY, $265.00 
,GTRV3030SHG,GHI TRV3030 STONE HARBOR GRAY, $265.00 
,GTRV3630SHG,GHI TRV3630 STONE HARBOR GRAY, $286.00 
,GTRV4830SHG,GHI TRV4830 STONE HARBOR GRAY, $419.00 
,GLB244SHG,GHI LB244 STONE HARBOR GRAY, $68.00 
,GLB305SHG,GHI LB305 STONE HARBOR GRAY, $83.00 
,GLB366SHG,GHI LB366 STONE HARBOR GRAY, $102.00 
,GLB488SHG,GHI LB488 STONE HARBOR GRAY, $133.00 
,,,
DeptN,Code,Desc,List Price
,GW0930NTL,GHI W0930  NANTUCKET LINEN, $146.00 
,GW1230NTL,GHI W1230 NANTUCKET LINEN, $171.00 
,GW1530NTL,GHI W1530 NANTUCKET LINEN, $184.00 
,GW1830NTL,GHI W1830 NANTUCKET LINEN, $215.00 
,GW2130NTL,GHI W2130 NANTUCKET LINEN, $227.00 
,GW2430NTL,GHI W2430 NANTUCKET LINEN, $260.00 
,GW2730NTL,GHI W2730 NANTUCKET LINEN, $285.00 
,GW3030NTL,GHI W3030 NANTUCKET LINEN, $288.00 
,GW3330NTL,GHI W3330 NANTUCKET LINEN, $308.00 
,GW3630NTL,GHI W3630 NANTUCKET LINEN, $328.00 
,GW4230NTL,GHI W4230  NANTUCKET LINEN, $337.00 
,GWAC2430NTL,GHI WAC2430 NANTUCKET LINEN, $345.00 
,GWBC2730NTL,GHI WBC2730 NANTUCKET LINEN, $287.00 
,GWDC2430NTL,GHI WDC2430 NANTUCKET LINEN, $321.00 
,GW3012NTL,GHI W3012 NANTUCKET LINEN, $155.00 
,GW3612NTL,GHI W3612 NANTUCKET LINEN, $171.00 
,GW2415NTL,GHI W2415 NANTUCKET LINEN, $171.00 
,GW3015NTL,GHI W3015 NANTUCKET LINEN, $185.00 
,GW3315NTL,GHI W3315 NANTUCKET LINEN, $200.00 
,GW3615NTL,GHI W3615 NANTUCKET LINEN, $201.00 
,GW3018NTL,GHI W3018 NANTUCKET LINEN, $192.00 
,GW3618NTL,GHI W3618 NANTUCKET LINEN, $230.00 
,GW3024NTL,GHI W3024 NANTUCKET LINEN, $296.00 
,GW3624NTL,GHI W3624 NANTUCKET LINEN, $339.00 
,GW301224NTL,GHI W301224 NANTUCKET LINEN, $207.00 
,GW331224NTL,GHI W331224 NANTUCKET LINEN, $228.00 
,GW361224NTL,GHI W361224 NANTUCKET LINEN, $250.00 
,GW331524NTL,GHI W331524 NANTUCKET LINEN, $232.00 
,GW361524NTL,GHI W361524 NANTUCKET LINEN, $243.00 
,GW361824NTL,GHI W361824 NANTUCKET LINEN, $294.00 
,GW332424NTL,GHI W332424 NANTUCKET LINEN, $304.00 
,GW362424NTL,GHI W362424 NANTUCKET LINEN, $332.00 
,GW0936NTL,GHI W0936 NANTUCKET LINEN, $167.00 
,GW1236NTL,GHI W1236 NANTUCKET LINEN, $196.00 
,GW1536NTL,GHI W1536 NANTUCKET LINEN, $212.00 
,GW1836NTL,GHI W1836 NANTUCKET LINEN, $247.00 
,GW2136NTL,GHI W2136 NANTUCKET LINEN, $261.00 
,GW2436NTL,GHI W2436 NANTUCKET LINEN, $299.00 
,GW2736NTL,GHI W2736 NANTUCKET LINEN, $328.00 
,GW3036NTL,GHI W3036 NANTUCKET LINEN, $331.00 
,GW3336NTL,GHI W3336 NANTUCKET LINEN, $354.00 
,GW3636NTL,GHI W3636 NANTUCKET LINEN, $377.00 
,GWAC2436NTL,GHI WAC2436 NANTUCKET LINEN, $396.00 
,GWDC2436NTL,GHI WDC2436 NANTUCKET LINEN, $364.00 
,GW0942NTL,GHI W0942 NANTUCKET LINEN, $189.00 
,GW1242NTL,GHI W1242 NANTUCKET LINEN, $222.00 
,GW1542NTL,GHI W1542 NANTUCKET LINEN, $239.00 
,GW1842NTL,GHI W1842 NANTUCKET LINEN, $279.00 
,GW2142NTL,GHI W2142 NANTUCKET LINEN, $295.00 
,GW2442NTL,GHI W2442 NANTUCKET LINEN, $338.00 
,GW2742NTL,GHI W2742 NANTUCKET LINEN, $371.00 
,GW3042NTL,GHI W3042 NANTUCKET LINEN, $374.00 
,GW3342NTL,GHI W3342 NANTUCKET LINEN, $400.00 
,GW3642NTL,GHI W3642 NANTUCKET LINEN, $427.00 
,GW4242NTL,GHI W4242 NANTUCKET LINEN, $438.00 
,GWAC2442NTL,GHI WAC2442 NANTUCKET LINEN, $448.00 
,GWDC2442NTL,GHIW WDC2442 NANTUCKET LINEN, $418.00 
,GWDC2742NTL,GHI WDC2742 NANTUCKET LINEN, $470.00 
,GB09NTL,GHI B09 NANTUCKET LINEN (FH), $213.00 
,GB12NTL,GHI B12 NANTUCKET LINEN, $238.00 
,GB15NTL,GHI B15 NANTUCKET LINEN, $242.00 
,GB18NTL,GHI B18 NANTUCKET LINEN, $265.00 
,GB18FHNTL,GHI B18FH NANTUCKET LINEN, $224.00 
,GB21NTL,GHI B21 NANTUCKET LINEN, $297.00 
,GB24NTL,GHI B24 NANTUCKET LINEN, $333.00 
,GB27NTL,GHI B27 NANTUCKET LINEN, $373.00 
,GB30NTL,GHI B30 NANTUCKET LINEN, $397.00 
,GB33NTL,GHI B33 NANTUCKET LINEN, $417.00 
,GB36NTL,GHI B36 NANTUCKET LINEN, $437.00 
,GB42NTL,GHI B42 NANTUCKET LINEN, $499.00 
,GBBC42-45NTL,GHI BBC42-45 NANTUCKET LINEN, $410.00 
,GDB15NTL,GHI DB15 NANTUCKET LINEN, $400.00 
,GDB18NTL,GHI DB18 NANTUCKET LINEN, $408.00 
,GDB21NTL,GHI DB21 NANTUCKET LINEN, $421.00 
,GDB24NTL,GHI DB24 NANTUCKET LINEN, $429.00 
,GDB24-2NTL,GHI DB24-2 NANTUCKET LIN-2 drawer, $394.00 
,GDB30NTL,GHI DB30 NANTUCKET LINEN, $439.00 
,GDB30-2NTL,GHI DB30-2 NANTUCKET LIN-2 drawer, $405.00 
,GDCB3612NTL,GHI DCB3612 NANTUCKET LINEN, $699.00 
,GBC24NTL,GHI BC24 NANTUCKET LINEN, $755.00 
,GSB30NTL,GHI SB30 NANTUCKET LINEN, $360.00 
,GSB33NTL,GHI SB33 NANTUCKET LINEN, $371.00 
,GSB36NTL,GHI SB36 NANTUCKET LINEN, $383.00 
,GFSB36NTL,GHI FSB36 NANTUCKET LIN (FARMHOUSE) SINK, $372.00 
,GSB42NTL,GHI SB42 NANTUCKET LINEN, $420.00 
,GSB60NTL,GHI SB60 NANTUCKET LINEN, $537.00 
,GWP1884NTL,GHI WP1884 NANTUCKET LINEN, $740.00 
,GWP2484NTL,GHI WP2484 NANTUCKET LINEN, $992.00 
,GWP1890NTL,GHI WP1890 NANTUCKET LINEN, $794.00 
,GWP2490NTL,GHI WP2490 NANTUCKET LINEN," $1,064.00 "
,GWP1896NTL,GHI WP1896 NANTUCKET LINEN, $821.00 
,GWP2496NTL,GHI WP2496 NANTUCKET LINEN," $1,101.00 "
,GOU332484NTL,GHI OU332484 NANTUCKET LINEN," $1,438.00 "
,GOU332490NTL,GHI OU332490 NANTUCKET LINEN," $1,513.00 "
,GTK8LW,GHI TK8  LINEN WHITE (ACL/NTL), $22.00 
,GCM8DM8NTL,GHI CM8+ DM8 NANTUCKET LINEN, $144.00 
,GFBM8LW,GHI FBM8 LINEN WHITE (ACL/NTL), $68.00 
,GLRM7NTL,GHI LRM7 NANTUCKET LINEN, $50.00 
,GOSC7LW,GHI OSC7  LINEN WHITE (ACL/NTL), $39.00 
,GSCM7LW,GHI SCM7  LINEN WHITE (ACL/NTL), $23.00 
,GVAR48LW,GHI VAR48  LINEN WHITE (ACL/NTL), $12.00 
,GF330LW,GHI F330  LINEN WHITE (ACL/NTL), $6.00 
,GF396LW,GHI F396  LINEN WHITE (ACL/NTL), $17.00 
,GF642LW,GHI F642  LINEN WHITE (ACL/NTL), $14.00 
,GBF3LW,GHI BF3 LINEN WHITE (ACL/NTL), $10.00 
,GBEP3LLW,GHI BEP3L LINEN WHITE (ACL/NTL), $65.00 
,GEP24X35LW,GHI END PA 24X35X3/16  LIN WH (ACL/NTL), $27.00 
,GWEP12X42LW,GHI WALL END PA 12X42 LIN WH (ACL/NTL), $19.00 
,G3X4PANLW,"GHI 3X4X1/4"" LINEN WHITE (ACL/NTL)", $58.00 
,GRP84LW,GHI RP84 LINEN WHITE (ACL/NTL), $109.00 
,GRP90LW,GHI RP90 LINEN WHITE (ACL/NTL), $115.00 
,GRP96LW,GHI RP96  LINEN WHITE (ACL/NTL), $122.00 
,GMC3018NTL,GHI MC3018 NANTUCKET LINEN, $146.00 
,GPR3015NTL,GHI PR3015 PLATE RACK NANTUCKE, $203.00 
,GWR3015NTL,GHI WR3015 NANTUCKET LINEN, $202.00 
,GSGH30NTL,GHI SGHI30 NANTUCKET LINEN, $139.00 
,G1530MDNTL,GHI 1530 MULL DR NANTUCKET LIN, $90.00 
,G1830MDNTL,GHI 1830 MULL DR NANTUCKET LIN, $117.00 
,G3030MDNTL,GHI 3030 MULL DR NANTUCKET LIN, $188.00 
,G3630MDNTL,GHI 3630 MULL DR NANTUCKET LIN, $225.00 
,GDC2430MDNTL,GHI DC2430 MULL DR NANTUCKET  , $103.00 
,G1536MDNTL,GHI 1536 MULL DR NANTUCKET LIN, $103.00 
,G1836MDNTL,GHI 1836 MULL DR NANTUCKET LIN, $134.00 
,G3036MDNTL,GHI 3036 MULL DR NANTUCKET LIN, $218.00 
,G3636MDNTL,GHI 3636 MULL DR NANTUCKET LIN, $261.00 
,GDC2436MDNTL,GHI DC2436 MULL DR NANTUCKET L, $126.00 
,G1542MDNTL,GHI 1542 MULL DR NANTUCKET LIN, $117.00 
,G1842MDNTL,GHI 1842 MULL DR NANTUCKET LIN, $151.00 
,G3042MDNTL,GHI 3042 MULL DR NANTUCKET LIN, $248.00 
,G3642MDNTL,GHI 3642 MULL DR NANTUCKET LIN, $297.00 
,GDC2442MDNTL,GHI DC2442 MULL DR NANTUCKET L, $134.00 
,GDC2742MDNTL,GHI DC2742 MULL DR NANTUCKET L, $144.00 
,GCSF36NTL,GHI CSF36 NANTUCKET LINEN, $128.00 
,G30DDNTL,"GHI 30"" DECO DR NANTUCKET LINE", $72.00 
,G36DDNTL,"GHI 36"" DECO DR NANTUCKET LINE", $88.00 
,G42DDNTL,"GHI 42"" DECO DR NANTUCKET LINE", $103.00 
,GBDDNTL,GHI BASE DECO DR NANTUCKET LIN, $160.00 
,,, $-   
,GV2418NTL,GHI V2418 NANTUCKET LINEN, $332.00 
,GV2421NTL,GHI V2421 NANTUCKET LINEN, $343.00 
,GVDB1221NTL,GHI VDB1221 NANTUCKET LINEN, $375.00 
,GV3021DNTL,GHI V3021D NANTUCKET LINEN, $473.00 
,GV3621DNTL,GHI V3621D NANTUCKET LINEN, $557.00 
,GV4821DNTL,GHI V4821D NANTUCKET LINEN, $707.00 
,GV6021DNTL,GHI V6021D NANTUCKET LINEN, $876.00 
,GL781821NTL,GHI L781821 NANTUCKET LINEN, $861.00 
,GBV2126NTL,GHI BV2126 NANTUCKET LINEN, $293.00 
,GM3030NTL,GHI M3030 NANTUCKET LINEN, $250.00 
,GM3630NTL,GHI M3630 NANTUCKET LINEN, $310.00 
,,,
DeptN,Code,Desc,List Price
,GW0930NCG,GHI W0930 NEW CASTLE GRAY , $171.00 
,GW1230NCG,GHI W1230 NEW CASTLE GRAY , $199.00 
,GW1530NCG,GHI W1530 NEW CASTLE GRAY, $215.00 
,GW1830NCG,GHI W1830 NEW CASTLE GRAY , $250.00 
,GW2130NCG,GHI W2130 NEW CASTLE GRAY , $264.00 
,GW2430NCG,GHI W2430 NEW CASTLE GRAY , $305.00 
,GW2730NCG,GHI W2730 NEW CASTLE GRAY , $334.00 
,GW3030NCG,GHI W3030 NEW CASTLE GRAY , $337.00 
,GW3330NCG,GHI W3330 NEW CASTLE GRAY , $360.00 
,GW3630NCG,GHI W3630 NEW CASTLE GRAY , $383.00 
,GWAC2430NCG,GHI WAC2430 NEW CASTLE GRAY , $400.00 
,GWBC2730NCG,GHI WBC2730 NEW CASTLE GRAY, $333.00 
,GWDC2430NCG,GHI WDC2430 NEW CASTLE GRAY , $373.00 
,GW3012NCG,GHI W3012 NEW CASTLE GRAY , $185.00 
,GW3612NCG,GHI W3612 NEW CASTLE GRAY , $203.00 
,GW2415NCG,GHI W2415 NEW CASTLE GRAY , $202.00 
,GW3015NCG,GHI W3015 NEW CASTLE GRAY , $219.00 
,GW3315NCG,GHI W3315 NEW CASTLE GRAY , $236.00 
,GW3615NCG,GHI W3615 NEW CASTLE GRAY , $237.00 
,GW3018NCG,GHI W3018 NEW CASTLE GRAY , $227.00 
,GW3618NCG,GHI W3618 NEW CASTLE GRAY , $271.00 
,GW3024NCG,GHI W3024 NEW CASTLE GRAY , $346.00 
,GW3624NCG,GHI W3624 NEW CASTLE GRAY , $396.00 
,GW331224NCG,GHI W331224 NEW CASTLE GRAY , $247.00 
,GW361224NCG,GHI W361224 NEW CASTLE GRAY , $271.00 
,GW331524NCG,GHI W331524 NEW CASTLE GRAY , $273.00 
,GW361524NCG,GHI W361524 NEW CASTLE GRAY , $285.00 
,GW361824NCG,GHI W361824 NEW CASTLE GRAY , $345.00 
,GW332424NCG,GHI W332424 NEW CASTLE GRAY , $356.00 
,GW362424NCG,GHI W362424 NEW CASTLE GRAY , $387.00 
,GW0936NCG,GHI W0936 NEW CASTLE GRAY , $196.00 
,GW1236NCG,GHI W1236 NEW CASTLE GRAY , $228.00 
,GW1536NCG,GHI W1536 NEW CASTLE GRAY , $246.00 
,GW1836NCG,GHI W1836 NEW CASTLE GRAY , $287.00 
,GW2136NCG,GHI W2136 NEW CASTLE GRAY , $303.00 
,GW2436NCG,GHI W2436 NEW CASTLE GRAY , $350.00 
,GW2736NCG,GHI W2736 NEW CASTLE GRAY , $383.00 
,GW3036NCG,GHI W3036 NEW CASTLE GRAY , $387.00 
,GW3336NCG,GHI W3336 NEW CASTLE GRAY , $413.00 
,GW3636NCG,GHI W3636 NEW CASTLE GRAY , $440.00 
,GWAC2436NCG,GHI WAC2436 NEW CASTLE GRAY , $459.00 
,GWDC2436NCG,GHI WDC2436 NEW CASTLE GRAY , $422.00 
,GWDC2736NCG,GHI WDC2736 NEW CASTLE GRAY , $476.00 
,GW0942NCG,GHI W0942 NEW CASTLE GRAY , $221.00 
,GW1242NCG,GHI W1242 NEW CASTLE GRAY , $258.00 
,GW1542NCG,GHI W1542 NEW CASTLE GRAY , $278.00 
,GW1842NCG,GHI W1842 NEW CASTLE GRAY , $324.00 
,GW2142NCG,GHI W2142 NEW CASTLE GRAY , $342.00 
,GW2442NCG,GHI W2442 NEW CASTLE GRAY , $395.00 
,GW2742NCG,GHI W2742 NEW CASTLE GRAY , $433.00 
,GW3042NCG,GHI W3042 NEW CASTLE GRAY , $436.00 
,GW3342NCG,GHI W3342 NEW CASTLE GRAY , $467.00 
,GW3642NCG,GHI W3642 NEW CASTLE GRAY , $497.00 
,GWAC2442NCG,GHI WAC2442 NEW CASTLE GRAY , $519.00 
,GWDC2442NCG,GHI WDC2442 NEW CASTLE GRAY , $483.00 
,GWDC2742NCG,GHI WDC2742 NEW CASTLE GRAY , $543.00 
,GB09NCG,GHI B09 (FH) NEW CASTLE GRAY , $272.00 
,GB12NCG,GHI B12 NEW CASTLE GRAY , $304.00 
,GB15NCG,GHI B15 NEW CASTLE GRAY , $309.00 
,GB18NCG,GHI B18 NEW CASTLE GRAY , $335.00 
,GB18FHNCG,GHI B18 (FH) NEW CASTLE GRAY , $284.00 
,GB21NCG,GHI B21 NEW CASTLE GRAY , $372.00 
,GB24NCG,GHI B24 NEW CASTLE GRAY , $404.00 
,GB27NCG,GHI B27 NEW CASTLE GRAY , $451.00 
,GB30NCG,GHI B30 NEW CASTLE GRAY , $517.00 
,GB33NCG,GHI B33 NEW CASTLE GRAY , $540.00 
,GB36NCG,GHI B36 NEW CASTLE GRAY , $563.00 
,GBBC42-45NCG,GHI BBC42-45 NEW CASTLE GRAY , $472.00 
,GDB15NCG,GHI DB15 NEW CASTLE GRAY , $542.00 
,GDB18NCG,GHI DB18 NEW CASTLE GRAY , $551.00 
,GDB21NCG,GHI DB21 NEW CASTLE GRAY , $566.00 
,GDB24NCG,GHI DB24 NEW CASTLE GRAY , $575.00 
,GDB24-2NCG,GHI DB24-2 NEW CASTLE GRAY , $526.00 
,GDB30NCG,GHI DB30 NEW CASTLE GRAY , $587.00 
,GDB30-2NCG,GHI DB30 -2 NEW CASTLE GRAY , $538.00 
,GDCB3612NCG,GHI DCB3612 NEW CASTLE GRAY , $804.00 
,GBC24NCG,GHI BC24 NEW CASTLE GRAY , $869.00 
,GSB30NCG,GHI SB30 NEW CASTLE GRAY , $420.00 
,GSB33NCG,GHI SB33 NEW CASTLE GRAY , $433.00 
,GSB36NCG,GHI SB36 NEW CASTLE GRAY , $447.00 
,GFSB36NCG,GHI FSB36 NEW CASTLE GRAY , $434.00 
,GSB42NCG,GHI SB42 NEW CASTLE GRAY , $489.00 
,GSB60NCG,GHI SB60 NEW CASTLE GRAY , $697.00 
,GWP1884NCG,GHI WP1884 NEW CASTLE GRAY , $857.00 
,GWP2484NCG,GHI WP2484 NEW CASTLE GRAY ," $1,153.00 "
,GWP1890NCG,GHI WP1890 NEW CASTLE GRAY , $920.00 
,GWP2490NCG,GHI WP2490 NEW CASTLE GRAY ," $1,235.00 "
,GWP1896NCG,GHI WP1896 NEW CASTLE GRAY , $951.00 
,GWP2496NCG,GHI WP2496 NEW CASTLE GRAY ," $1,278.00 "
,GOU332484NCG,GHI OU332484 NEW CASTLE GRAY ," $1,781.00 "
,GOU332490NCG,GHI OU332490 NEW CASTLE GRAY ," $1,865.00 "
,GTK8NCG,GHI TK8 NEW CASTLE GRAY , $31.00 
,GCM8NCG,GHI CM8 NEW CASTLE GRAY , $103.00 
,GFBM8NCG,GHI FBM8 NEW CASTLE GRAY , $97.00 
,GLRM7NCG,GHI LRM7 NEW CASTLE GRAY , $50.00 
,GOSC7NCG,GHI OSC7 NEW CASTLE GRAY , $55.00 
,GSCM7NCG,GHI SCM7 NEW CASTLE GRAY , $32.00 
,GVAR48NCG,GHI VAS48 NEW CASTLE GRAY , $17.00 
,GF330NCG,GHI F330 NEW CASTLE GRAY , $12.00 
,GF342NCG,GHI F342 NEW CASTLE GRAY , $15.00 
,GF396NCG,GHI F396 NEW CASTLE GRAY , $35.00 
,GF642NCG,GHI F642 NEW CASTLE GRAY , $30.00 
,GBF3NCG,GHI BF3 NEW CASTLE GRAY , $22.00 
,GBEP3LNCG,GHI BEP3L NEW CASTLE GRAY , $93.00 
,GEP24X35NCG,GHI END PA 24X35X3/16 NEW CAST, $38.00 
,GWEP12X42NCG,GHI WALL END PA 12X42 NEW CAST, $26.00 
,G3X4PANNCG,"GHI 3X4X1/4"" NEW CASTLE GRAY ", $82.00 
,GRP84NCG,GHI RP84 NEW CASTLE GRAY , $154.00 
,GRP90NCG,GHI RP90 NEW CASTLE GRAY , $164.00 
,GRP96NCG,GHI RP96 NEW CASTLE GRAY , $173.00 
,GMC3018NCG,GHI MC3018 NEW CASTLE GRAY , $168.00 
,GPR3015NCG,GHI PR3015 NEW CASTLE GRAY , $234.00 
,GWR3015NCG,GHI WR3015 NEW CASTLE GRAY , $232.00 
,GSGH30NCG,GHI SGH30 NEW CASTLE GRAY , $139.00 
,G1530MDNCG,GHI 1530MD NEW CASTLE GRAY , $103.00 
,G1830MDNCG,GHI 1830MD NEW CASTLE GRAY , $134.00 
,G3030MDNCG,GHI 3030 MD NEW CASTLE GR/2 PK, $216.00 
,G3630MDNCG,GHI 3630 MD NEW CASTLE GR /2PK, $259.00 
,GDC2430MDNCG,GHI DC2430MD NEW CASTLE GRAY , $119.00 
,G1536MDNCG,GHI 1536MD NEW CASTLE GRAY , $119.00 
,G1836MDNCG,GHI 1836 MULL DR NEW CASTLE GR, $154.00 
,G3036MDNCG,GHI 3036 MUL DR NEW CASTLE GR, $250.00 
,G3636MDNCG,GHI 3636 MUL DR NEW CASTLE GR, $300.00 
,GDC2436MDNCG,GHI DC2436 MULL DR NEW CASTLE , $144.00 
,GDC2736MDNCG,GHI DC2736 MULL DR NEW CASTLE , $157.00 
,G1542MDNCG,GHI 1542 MULL DR NEW CASTLE GR, $134.00 
,G1842MDNCG,GHI 1842 MULL DR NEW CASTLE GR, $174.00 
,G3042MDNCG,GHI 3042 MULL DR NEW CASTLE GR, $285.00 
,G3642MDNCG,GHI 3642 MULL DR NEW CASTLE GR, $342.00 
,GDC2442MDNCG,GHI DC2442 MULL DR NEW CASTLE , $154.00 
,GDC2742MDNCG,GHI DC2742MD NEW CASTLE GRAY , $166.00 
,GCSF36NCG,GHI CSF36 NEW CASTLE GRAY, $147.00 
,G30DDNCG,"GHI 30"" DECO DR NEW CASTLE GRA", $83.00 
,G36DDNCG,"GHI 36"" DECO DR NEW CASTLE GR", $100.00 
,G42DDNCG,"GHI 42"" DECO DR NEW CASTLE GR", $118.00 
,GBDDNCG,GHI BASE DECO DR NEW CASTLE GR, $183.00 
,,,
,GV1816NCG,GHI V1816 NEW CASTLE GRAY VAN, $214.00 
,GV2418NCG,GHI V2418 NEW CASTLE GRAY VAN, $270.00 
,GV2421NCG,GHI V2421 NEW CASTLE GRAY VAN, $280.00 
,GVDB1221NCG,GHI VDB1221 NEW CASTLE GRAY VA, $460.00 
,GV3021DNCG,GHI V3021D NEW CASTLE GRAY VAN, $463.00 
,GV3621DNCG,GHI V3621D NEW CASTLE GRAY VAN, $527.00 
,GV4821DNCG,GHI V4821D NEW CASTLE GRAY VAN, $733.00 
,GV6021DNCG,GHI V6021D NEW CASTLE GRAY VAN, $876.00 
,GL781821NCG,GHI L781821 NEW CASTLE GRAY LI, $780.00 
,GBV2126NCG,GHI BV2126 NEW CASTLE GRAY , $225.00 
,GM3030NCG,GHI M3030 NEW CASTLE GRAY MIRR, $279.00 
,GM3630NCG,GHI M3630 NEW CASTLE GRAY MIRR, $377.00 
,,,
,,,
DeptN,Code,Desc,List Price
,GW0930RMA,GHI W0930  RICHMOND AUBURN, $110.00 
,GW1230RMA,GHI W1230 RICHMOND AUBURN, $129.00 
,GW1530RMA,GHI W1530 RICHMOND AUBURN, $139.00 
,GW1830RMA,GHI W1830 RICHMOND AUBURN, $162.00 
,GW2130RMA,GHI W2130 RICHMOND AUBURN, $171.00 
,GW2430RMA,GHI W2430 RICHMOND AUBURN, $197.00 
,GW2730RMA,GHI W2730 RICHMOND AUBURN, $216.00 
,GW3030RMA,GHI W3030 RICHMOND AUBURN, $218.00 
,GW3330RMA,GHI W3330 RICHMOND AUBURN, $233.00 
,GW3630RMA,GHI W3630 RICHMOND AUBURN, $248.00 
,GWAC2430RMA,GHI WAC2430 RICHMOND AUBURN, $260.00 
,GWBC2730RMA,GHI WBC2730 RICHMOND AUBURN, $217.00 
,GWDC2430RMA,GHI WDC2430 RICHMOND AUBURN, $243.00 
,GW3012RMA,GHI W3012 RICHMOND AUBURN, $117.00 
,GW3612RMA,GHI W3612 RICHMOND AUBURN, $129.00 
,GW2415RMA,GHI W2415 RICHMOND AUBURN, $129.00 
,GW3015RMA,GHI W3015 RICHMOND AUBURN, $140.00 
,GW3315RMA,GHI W3315 RICHMOND AUBURN, $151.00 
,GW3615RMA,GHI W3615 RICHMOND AUBURN, $152.00 
,GW3018RMA,GHI W3018 RICHMOND AUBURN, $145.00 
,GW3618RMA,GHI W3618 RICHMOND AUBURN, $174.00 
,GW3024RMA,GHI W3024 RICHMOND AUBURN, $223.00 
,GW3624RMA,GHI W3624 RICHMOND AUBURN, $256.00 
,GW331224RMA,GHI W331224 RICHMOND AUBURN, $158.00 
,GW361224RMA,GHI W361224 RICHMOND AUBURN, $174.00 
,GW331524RMA,GHI W331524 RICHMOND AUBURN, $175.00 
,GW361524RMA,GHI W361524 RICHMOND AUBURN, $183.00 
,GW361824RMA,GHI W361824 RICHMOND AUBURN, $222.00 
,GW0936RMA,GHI W0936 RICHMOND AUBURN, $127.00 
,GW1236RMA,GHI W1236 RICHMOND AUBURN, $148.00 
,GW1536RMA,GHI W1536 RICHMOND AUBURN, $160.00 
,GW1836RMA,GHI W1836 RICHMOND AUBURN, $187.00 
,GW2136RMA,GHI W2136 RICHMOND AUBURN, $197.00 
,GW2436RMA,GHI W2436 RICHMOND AUBURN, $226.00 
,GW2736RMA,GHI W2736 RICHMOND AUBURN, $248.00 
,GW3036RMA,GHI W3036 RICHMOND AUBURN, $250.00 
,GW3336RMA,GHI W3336 RICHMOND AUBURN, $268.00 
,GW3636RMA,GHI W3636 RICHMOND AUBURN, $285.00 
,GWAC2436RMA,GHI WAC2436 RICHMOND AUBURN, $299.00 
,GWDC2436RMA,GHI WDC2436 RICHMOND AUBURN, $275.00 
,GWDC2736RMA,GHII WDC2736 RIC HMOND AUBURN, $311.00 
,GB09RMA,GHI B09-FH RICHMOND AUBURN , $153.00 
,GB12RMA,GHI B12 RICHMOND AUBURN, $172.00 
,GB15RMA,GHI B15 RICHMOND AUBURN, $175.00 
,GB18RMA,GHI B18 RICHMOND AUBURN, $192.00 
,GB21RMA,GHI B21 RICHMOND AUBURN, $217.00 
,GB24RMA,GHI B24 RICHMOND AUBURN, $236.00 
,GB27RMA,GHI B27 RICHMOND AUBURN, $266.00 
,GB30RMA,GHI B30 RICHMOND AUBURN, $284.00 
,GB33RMA,GHI B33 RICHMOND AUBURN, $299.00 
,GB36RMA,GHI B36 RICHMOND AUBURN, $314.00 
,GBBC42-45RMA,GHI BBC42-45 RICHMOND AUBURN, $310.00 
,GDB15RMA,GHI DB15 RICHMOND AUBURN, $278.00 
,GDB18RMA,GHI DB18 RICHMOND AUBURN, $284.00 
,GDB21RMA,GHI DB21 RICHMOND AUBURN, $294.00 
,GDB24RMA,GHI DB24 RICHMOND AUBURN, $300.00 
,GDB30RMA,GHI DB30 RICHMOND AUBURN, $308.00 
,GDCB3612RMA,GHI DCB3612 RICHMOND AUBURN, $528.00 
,GBC24RMA,GHI BC24 RICHMOND AUBURN, $570.00 
,GSB30RMA,GHI SB30 RICHMOND AUBURN, $272.00 
,GSB33RMA,GHI SB33 RICHMOND AUBURN, $281.00 
,GSB36RMA,GHI SB36 RICHMOND AUBURN, $289.00 
,GSB42RMA,GHI SB42 RICHMOND AUBURN, $317.00 
,GWP1884RMA,GHI WP1884 RICHMOND AUBURN, $559.00 
,GWP2484RMA,GHI WP2484 RICHMOND AUBURN, $749.00 
,GWP1890RMA,GHI WP1890 RICHMOND AUBURN, $600.00 
,GWP2490RMA,GHI WP2490 RICHMOND AUBURN, $803.00 
,GOU332484RMA,GHI OU332484 RICHMOND AUBURN," $1,087.00 "
,GOU332490RMA,GHI OU332490 RICHMOND AUBURN," $1,142.00 "
,GTK8RMA,GHI TK8 RICHMOND AUBURN, $21.00 
,GCM8RMA,GHI CM8 RICHMOND AUBURN, $64.00 
,GFBM8RMA,GHI FBM8 RICHMND AUBURN, $61.00 
,GLRMS7RMA,GHI LRMS7 RICHMOND AUBURN, $33.00 
,GOSC7RMA,GHI OSC7 RICHMOND AUBURN, $36.00 
,GSCM7RMA,GHI SCM7 RICHMOND AUBURN, $21.00 
,GVAR48RMA,GHI VAS48 RICHMOND AUBURN, $11.00 
,GF330RMA,GHI F330 RICHMOND AUBURN, $6.00 
,GF336RMA,GHI F336 RICMOND AUBURN, $7.00 
,GF636RMA,GHII F636 RICHMOND AUBURN, $14.00 
,GBF3RMA,GHI BF3 RICHMOND AUBURN, $10.00 
,GBEP3LRMA,GHI BEP3L RICHMOND AUBURN, $61.00 
,GEP24X35RMA,GHI END PAN 24X35X3/16 RICH AU, $25.00 
,GWEP12X42RMA,GHI WALL END PA 12X42 RICH AUB, $17.00 
,G3X4PANRMA,"GHI 3X4X1/4"" ISLAND PA RICH AU", $54.00 
,GRP84RMA,GHI RP84 RICHMOND AUBURN, $101.00 
,GRP90RMA,GHI RP90 RICHMOND AUBURN, $108.00 
,GMC3018RMA,GHI MC3018 RICHMOND AUBURN, $110.00 
,GPR3015RMA,GHI PR3015 PLATE RACK RICH AUB, $154.00 
,GWR3015RMA,GHI WR3015 RICHMOND AUBURN, $152.00 
,GSGH30RMA,GHI SGHI30 RICHMOND AUBURN, $91.00 
,G1530MDRMA,GHI 1530 MULL DOOR RICH AUBURN, $68.00 
,G1830MDRMA,GHI 1830 MULL DOOR RICHMOND AU, $88.00 
,G3030MDRMA,GHI 3030 MULL DR RICHMOND AUBU, $142.00 
,G3630MDRMA,GHI 3630 MULL DR RICHMOND AUBU, $170.00 
,GDC2430MDRMA,GHI DC2430 MULL DR RICHMOND AU, $78.00 
,G1536MDRMA,GHI 1536 MULL DOOR RICHMOND AU, $78.00 
,G1836MDRMA,GHI 1836 MULL DR RICHMOND AUBU, $101.00 
,G3036MDRMA,GHI 3036 MULL DR RICHMOND AUBU, $165.00 
,G3636MDRMA,GHI 3636 MULL DR RICHMOND AUBU, $197.00 
,GDC2436MDRMA,GHI DC2436 MULL DR RICHMOND AU, $95.00 
,GDC2736MDRMA,GHI DC2736 MULL DR RICHMOND AU, $103.00 
,GCSF36RMA,GHI CSF36 RICHMOND AUBURN, $97.00 
,G30DDRMA,"GHI 30"" DECO DR RICHMOND AUBUR", $54.00 
,G36DDRMA,"GHI 36"" DECO DR RICHMOND AUBUR", $66.00 
,GBDDRMA,GHI BASE DECO DR RICHMOND AUBU, $120.00 
,,,
,GV2418DRMA,GHI V2418D RICHMOND AUBURN, $226.00 
,GV3021DRMA,GHI V3021D RICHMOND AUBURN, $271.00 
,GV3621DRMA,GHI V3621D RICHMOND AUBURN, $312.00 
,GV4821DRMA,GHI V4821D RICHMOND AUBURN, $399.00 
,GV6021DRMA,GHI V6021D RICHMOND AUBURN, $499.00 
,GL781821RMA,GHI L781821 RICHMOND AUBURN, $540.00 
,GBV2126RMA,GHI BV2126 RICHMOND AUBURN, $153.00 
,GM2430RMA,GHI M2430 RICHMOND AUBURN MIRR, $171.00 
,GM3030RMA,GHI M3030 RICHMOND AUBURN MIRR, $197.00 
,GM3630RMA,GHI M3630 RICHMOND AUBURN MIRR, $265.00 
,,,
DeptN,Code,Desc,List Price
CTC,GW1230CTC,GH W1230 CHARLESTON TR COGNAC, $103.00 
,GW1530CTC,GH W1530 CHARLESTON TR COGNAC, $110.00 
,GW1830CTC,GH W1830 CHARLESTON TR COGNAC, $129.00 
,GW2130CTC,GH W2130 CHARLESTON TR COGNAC, $136.00 
,GW2430CTC,GH W2430 CHARLESTON TR COGNAC, $156.00 
,GW2730CTC,GH W2730 CHARLESTON TR COGNAC, $170.00 
,GW3030CTC,GH W3030 CHARLESTON TR COGNAC, $173.00 
,GW3630CTC,GH W3630 CHARLESTON TR COGNAC, $196.00 
,GW6030CTC,GH W6030 CHARLESTON TRAD COGNA, $289.00 
,GWDC2430CTC,GH WDC2430 CHARL TR COGNAC, $193.00 
,GW3012CTC,GH W3012 CHARL TRA COGNAC, $93.00 
,GW3612CTC,GH W3612 CHARLESTON TR COGNAC, $103.00 
,GW3015CTC,GH W3015 CHARLESTON TR COGNAC, $112.00 
,GW3615CTC,GH W3615 CHARLESTON TR COGNAC, $120.00 
,GB12CTC,GH B12 CHARLESTON TR COGNAC, $136.00 
,GB15CTC,GH B15 CHARLESTON TR COGNAC, $139.00 
,GB18CTC,GH B18 CHARLESTON TR COGNAC, $152.00 
,GB21CTC,GH B21 CHARGESTON TR COGNAC, $172.00 
,GB24CTC,GH B24 CHARLESTON TR COGNAC, $187.00 
,GB27CTC,GH B27 CHARLESTON TR COGNAC, $210.00 
,GB30CTC,GH B30 CHARLESTON TR COGNAC, $224.00 
,GB36CTC,GH B36 CHARLESTON TR COGNAC, $249.00 
,GBBC42-45CTC,GH BBC42-45 CHARLESTON TR COGN, $246.00 
,GDB15CTC,GH DB15 CHARLESTON TR COGNAC, $220.00 
,GDB18CTC,GH DB18 CHARLESTON TR COGNAC, $224.00 
,GDCB3612CTC,GH DCB3612 CHARLESTON TR COGNA, $417.00 
,GSB30CTC,GH SB30 CHARLESTON TR COGNAC, $216.00 
,GSB36CTC,GH SB36 CHARLESTON TR COGNAC, $229.00 
,GSB60CTC,GH SB60 CHARLESTON TR COGNAC, $314.00 
,GWP1884CTC,GH WP1884 CHARLESTON TR COGNAC, $437.00 
,GTK8CTC,GH TK8 CHARLESTON TR COGNAC, $22.00 
,GCM8CTC,GH CM8 CHARLESTON TR COGNAC, $60.00 
,GVAR48CTC,GH VAS48 CHARLESTON TR COGNAC, $10.00 
,GFS30CTC,GH FS30 CHARLESTON TR COGNAC, $6.00 
,GBF3CTC,GH BF3 CHARLESTON TR COGNAC, $10.00 
,GBEP3LCTC,GH BEP3L CHARLESTON TR COGNAC, $52.00 
,G3X4PANCTC,"GHI 3X4X1/4"" ISLAN PAN CHAR TRA", $53.00 
,,,
,GV2418DCTC,GHI VA2418D CHARLESTON TRAD COG, $179.00 
,GVA3021DCTC,GH VA3021D CHARLESTON TRAD COG VA, $217.00 
,GVA3621DCTC,GH VA3621D CHARLESTON TRAD COG VA, $249.00 
,GVA4821DCTC,GH VA4821D CHARLESTON TRAD COG VA, $319.00 
,GVA6021DCTC,GHI VA6021D CHARLETSON TRAD COG VA, $398.00 
,GVLC781821CTC,GHI VLC781821 CHARL TRAD COG VA, $429.00 
,GBV2126CTC,GH BV2126 CHARLESTON TRAD COG, $123.00 
,GM2430CTC,GHI M2430 CHARLESTON TRAD COG, $154.00 
,GM3030CTC,GHI M3030 CHARLESTON TRAD COG, $177.00 
,GM3630CTC,GHI M3630 CHARLESTON TRAD COG, $239.00 
,,,
DeptN,Code,Desc,List Price
RGO,GW0930RGO,GH W0930 REGAL OAK, $90.00 
,GW1230RGO,GH W1230 REGAL OAK, $106.00 
,GW1530RGO,GH W1530 REGAL OAK, $115.00 
,GW1830RGO,GH W1830 REGAL OAK, $133.00 
,GW2130RGO,GH W2130 REGAL OAK, $140.00 
,GW2430RGO,GH W2430 REGAL OAK, $162.00 
,GW2730RGO,GH W2730 REGAL OAK, $177.00 
,GW3030RGO,GH W3030 REGAL OAK, $179.00 
,GW3330RGO,GH W3330 REGAL OAK, $190.00 
,GW3630RGO,GH W3630 REGAL OAK, $203.00 
,GW4230RGO,GH W4230 REGAL OAK, $209.00 
,GW6030RGO,GH W6030 REGAL OAK, $297.00 
,GWBC2730RGO,GH WBC2730 REGAL OAK, $177.00 
,GWDC2430RGO,GH WDC2430 REGAL OAK, $199.00 
,GW3012RGO,GH W3012 REGAL OAK, $96.00 
,GW3312RGO,GH W3312 REGAL OAK, $115.00 
,GW3612RGO,GH W3612 REGAL OAK, $120.00 
,GW2415RGO,GH W2415 REGAL OAK, $106.00 
,GW3015RGO,GH W3015 REGAL OAK, $115.00 
,GW3315RGO,GH W3315 REGAL OAK, $125.00 
,GW3615RGO,GH W3615 REGAL OAK, $125.00 
,GW2418RGO,GH W2418 REGAL OAK, $96.00 
,GW3018RGO,GH W3018 REGAL OAK, $119.00 
,GW3318RGO,GH W3318 REGAL OAK, $139.00 
,GW3618RGO,GH W3618 REGAL OAK, $143.00 
,GW2424RGO,GH W2424 REGAL OAK, $137.00 
,GW3024RGO,GH W3024 REGAL OAK, $183.00 
,GW3324RGO,GH W3324 REGAL OAK, $195.00 
,GW3624RGO,GH W3624 REGAL OAK, $210.00 
,GW331224RGO,GH W331224 REGAL OAK, $127.00 
,GW331524RGO,GH W331524 REGAL OAK, $143.00 
,GW361524RGO,GH W361524 REGAL OAK, $150.00 
,GW332424RGO,GH W332424 REGAL OAK, $189.00 
,GW362424RGO,GH W362424 REGAL OAK, $204.00 
,GW0936RGO,GH W0936 REGAL OAK, $105.00 
,GW1236RGO,GH W1236 REGAL OAK, $122.00 
,GW1536RGO,GH W1536 REGAL OAK, $132.00 
,GW1836RGO,GH W1836 REGAL OAK, $153.00 
,GW2136RGO,GH W2136 REGAL OAK, $162.00 
,GW2436RGO,GH W2436 REGAL OAK, $185.00 
,GW2736RGO,GH W2736 REGAL OAK, $203.00 
,GW3036RGO,GH W3036 REGAL OAK, $204.00 
,GW3336RGO,GH W3336 REGAL OAK, $219.00 
,GW3636RGO,GH W3636 REGAL OAK, $233.00 
,GWDC2436RGO,GH WDC2436 REGAL OAK, $226.00 
,GWDC2736RGO,GH WDC2736 REGAL OAK, $254.00 
,GW0942RGO,GH W0942 REGAL OAK, $117.00 
,GW1242RGO,GH W1242 REGAL OAK, $137.00 
,GW1542RGO,GH W1542 REGAL OAK, $149.00 
,GW1842RGO,GH W1842 REGAL OAK, $173.00 
,GW2142RGO,GH W2142 REGAL OAK, $182.00 
,GW2442RGO,GH W2442 REGAL OAK, $209.00 
,GW2742RGO,GH W2742 REGAL OAK, $229.00 
,GW3042RGO,GH W3042 REGAL OAK, $232.00 
,GW3342RGO,GH W3342 REGAL OAK, $247.00 
,GW3642RGO,GH W3642 REGAL OAK, $263.00 
,GW4242RGO,GH W4242 REGAL OAK, $270.00 
,GWDC2442RGO,GH WDC2442 REGAL OAK, $259.00 
,GWDC2742RGO,GH WDC2742 REGAL OAK, $290.00 
,GB09RGO,GH B09 REGAL OAK - FULL HEIGHT, $126.00 
,GB12RGO,GH B12 REGAL OAK, $140.00 
,GB15RGO,GH B15 REGAL OAK, $143.00 
,GB18RGO,GH B18 REGAL OAK, $157.00 
,GB21RGO,GH B21 REGAL OAK, $177.00 
,GB24RGO,GH B24 REGAL OAK, $193.00 
,GB27RGO,GH B27 REGAL OAK, $217.00 
,GB30RGO,GH B30 REGAL OAK, $233.00 
,GB33RGO,GH B33 REGAL OAK, $244.00 
,GB36RGO,GH B36 REGAL OAK, $257.00 
,GB42RGO,GH B42 REGAL OAK, $296.00 
,GBBC42-45RGO,GH BBC42-45 REGAL OAK, $253.00 
,GDB15RGO,GH DB15 REGAL OAK, $227.00 
,GDB18RGO,GH DB18 REGAL OAK, $233.00 
,GDB21RGO,GH DB21 REGAL OAK, $240.00 
,GDB24RGO,GH DB24 REGAL OAK, $246.00 
,GDB30RGO,GH DB30 REGAL OAK, $252.00 
,GDCB3612RGO,GH DCB3612 REGAL OAK, $431.00 
,GBC24RGO,GH BC24 REGAL OAK, $466.00 
,GSB30RGO,GH SB30 REGAL OAK, $223.00 
,GSB33RGO,GH SB33 REGAL OAK, $230.00 
,GSB36RGO,GH SB36 REGAL OAK, $237.00 
,GSB42RGO,GH SB42 REGAL OAK, $260.00 
,GSB60RGO,GH SB60 REGAL OAK, $326.00 
,GWP1884RGO,GH WP1884 REGAL OAK, $453.00 
,GWP2484RGO,GH WP2484 REGAL OAK, $605.00 
,GWP1890RGO,GH WP1890 REGAL OAK, $486.00 
,GWP2490RGO,GH WP2490 REGAL OAK, $650.00 
,GWP1896RGO,GH WP1896 REGAL OAK, $501.00 
,GWP2496RGO,GH WP2496 REGAL OAK, $672.00 
,GOU332484RGO,GH OU332484 REGAL OAK, $884.00 
,GOU332490RGO,GH OU332490 REGAL OAK, $933.00 
,GTK8RGO,GH TK8 REGAL OAK, $20.00 
,GCM8RGO,GH CM8 REGAL OAK, $53.00 
,GLRM7RGO,GH LRM7 REGAL OAK, $32.00 
,GOSC7RGO,GH OSC7 REGAL OAK, $45.00 
,GSCM7RGO,GH SCM7 REGAL OAK, $20.00 
,GVAR48RGO,GH VAR48 REGAL OAK, $10.00 
,GF330RGO,GH F330 REGAL OAK, $6.00 
,GF342RGO,GH F342 REGAL OAK, $8.00 
,GF396RGO,GH F396 REGAL OAK, $19.00 
,GF642RGO,GH F642 REGAL OAK, $13.00 
,GBF3RGO,GH BF3 REGAL OAK, $10.00 
,GBEP3LRGO,GH BEP3LT REGAL OAK, $50.00 
,GEP24X35RGO,GH END PANEL 24X35 REGAL OAK, $20.00 
,GWEP12X42RGO,GH WALL END PANEL 12X42 REGAL, $15.00 
,G3X4PANRGO,"GH 3X4X1/4"""" ISLAND PL REGAL O", $45.00 
,GRP84RGO,GH RP84 REGAL OAK - REFRIG PAN, $83.00 
,GRP90RGO,GH RP90 REGAL OAK - REFRIG PAN, $89.00 
,GRP96RGO,GH RP96 REGAL OAK - REFRIG PAN, $93.00 
,GMC3018RGO,GH MC3018 REGAL OAK, $90.00 
,GPR3015RGO,GH PR3015 REGAL OAK - PLATE RA, $126.00 
,GWR3015RGO,GH WR3015 REGAL OAK - WINE RAC, $125.00 
,GSGH30RGO,GH SGH30 REGAL OAK - STEM GLS, $86.00 
,G1530MDRGO,GH 1530 MULL DR -REGAL OAK, $56.00 
,G1830MDRGO,GH 1830 MULL DR - REGAL OAK, $73.00 
,GDC2430MDRGO,GH DC2430 MULL DR-REGAL OAK, $65.00 
,G1536MDRGO,GH 1536 MULL DR- REGAL OAK, $65.00 
,G1836MDRGO,GH 1836 MULL DR-REGAL OAK, $83.00 
,GDC2436MDEGO,GH DC2436 MULL DR REGAL OKA, $79.00 
,GDC2736MDRGO,GH DC2736 MULL DR-REGAL OAK, $85.00 
,G1542MDRGO,GH 1542 MULL DR - REGAL OAK, $73.00 
,G1842MDRGO,GH 1842 MULL DR-REGAL OAK, $95.00 
,GDC2442MDRGO,GH DC2442 MULL DR- REGAL OAK, $83.00 
,GDC2742MDRGO,GH DC2742 MULL DR- REGAL OAK, $90.00 
,GCSF36RGO,GH CSF36 REGAL OAK, $80.00 
,G30DDRGO,"GH 30"" DECO DOOR - REGAL OAK", $43.00 
,G36DDRGO,"GH 36"" DECO DOOR - REGAL OAK", $52.00 
,G42DDRGO,"GH 42"""" DECO DOOR - REGAL OAK", $60.00 
,GBDDRGO,GH BASE DECO DOOR - REGAL OAK, $93.00 
,,, $-   
RGOV,GVA1816RGO,GH VA1816 REGAL OAK VANITY, $116.00 
,GVA2418RGO,GH VA2418 REGAL OAK VANITY, $146.00 
,GVA2418DRGO,GH VA2418D REGAL OAK VANITY, $180.00 
,GVA3018DRGO,GH VA3018D REGAL OAK VANITY, $207.00 
,GVA3618DRGO,GH VA3618D REGAL OAK VANITY, $240.00 
,GVA4818DRGO,GH VA4818D REGAL OAK VANITY, $300.00 
,GVA2421RGO,GH VA2421 REGAL OAK VANITY, $152.00 
,GVA3021RGO,GH VA3021 REGAL OAK VANITY, $180.00 
,GVA2421DRGO,GH VA2421D REGAL OAK VANITY, $187.00 
,GVA3021DRGO,GH VA3021D REGAL OAK VANITY, $217.00 
,GVA3621DRGO,GH VA3621D REGAL OAK VANITY, $249.00 
,GVA4221DRGO,GH VA4221D REGAL OAK VANITY, $283.00 
,GVA4821DRGO,GH VA4821D REGAL OAK VANITY, $319.00 
,GVA6021DRGO,GH VA6021D REGAL OAK VANITY, $399.00 
,GVLC7818RGO,GH VLC7818 L/R REVERS REGAL OA, $428.00 
,GBV2126RGO,GH BV2126 REGAL OAK, $123.00 
,GSC3027RGO,GH SC3027 REGAL OAK, $175.00 
,GSC3627RGO,GH SC3627 REGAL OAK, $204.00 
,GSM1926RGO,GH SM1926 REGAL OAK, $96.00 
,GSM2426RGO,GH SM2426 REGAL OAK MED CABINE, $115.00 
,GTRV3030RGO,GH TRV3030 REGLA OAK MED CAB, $189.00 
,GTRV3630RGO,GH TRV3630 REGAL OAK MED CAB, $203.00 
,GCOV24RGO,GH COV24 REGAL OAK CORNER VAN, $155.00 
,GCOM1630RGO,GH COM1630 REGAL CORNER MED CAB, $141.00 
,GLB183RGO,GH LB183 REGAL OAK LIGHT BAR, $38.00 
,GLB244RGO,GH LB244 REGAL OAK LIGHT BAR, $46.00 
,GLB305RGO,GH LB305 REGAL OAK LIGHT BAR, $56.00 
,GLB366RGO,GH LB366 REGAL OAK LIGHT BAR, $69.00 
,,,
DeptN,Code,Desc,List Price
,GV1816CCB,GHI V1816 CONCORD BLUE VANITY, $151.00 
,GV2418CCB,GHI V2418 CONCORD BLUE VANITY, $190.00 
,GV2421CCB,GHI V2421 CONCORD BLUE VANITY, $197.00 
,GVDB1221CCB,GHI VDB1221 CONCORD BLUE VANIT, $323.00 
,GV3021DCCB,GHI V3021 CONCORD BLUE VANITY, $326.00 
,GV3621DCCB,GHI V3621 CONCORD BLUE VANITY, $371.00 
,GV4821DCCB,GHI V4821 CONCORD BLUE VANITY, $516.00 
,GV6021DCCB,GHI V6021 CONCORD BLUE VANITY, $616.00 
,GL781821CCB,GHI L781821 CONCORD BLUE LINEN, $549.00 
,GBV2126CCB,GHI BV2126 CONCORD BLUE , $158.00 
,GM3030CCB,GHI M3030 CONCORD BLUE MIRROR, $197.00 
,GM3630CCB,GHI M3630 CONCORD BLUE MIRROR, $265.00 
,,,
DeptN,,,List Price
,GV1816CSG,GHI V1816 COASTAL GRAY VANITY, $214.00 
,GV2418CSG,GHI V2418 COASTAL GRAY VANITY, $270.00 
,GV2421CSG,GHI V2421 COASTAL GRAY VANITY, $280.00 
,GVDB1221CSG,GHI VDB1221 COASTAL GRAY VANIT, $460.00 
,GV3021DCSG,GHI V3021D COASTAL GRAY VANITY, $463.00 
,GV3621DCSG,GHI V3621D COASTAL GRAY VANITY, $527.00 
,GV4821DCSG,GHI V4821D COASTAL GRAY VANITY, $733.00 
,GV6021DCSG,GHI V6021D COASTAL GRAY VANITY, $876.00 
,GL781821CSG,GHI L781821 COASTAL GRAY LINEN, $780.00 
,GBV2126CSG,GHI BV2126 COASTAL GRAY , $225.00 
,GM3030CSG,GHI M3030 COASTAL GRAY MIRROR, $279.00 
,GM3630CSG,GHI M3630 COASTAL GRAY MIRROR, $377.00 
,,,Net Price
,GSAMPLEDR-SDC,GHI SAMPLE DOORS - SDC, $8.95 
,GSAMPLEDR-ACW,GHI SAMPLE DOORS - ACW, $8.95 
,GSAMPLEDR-ACL,GHI SAMPLE DOORS - ACL, $8.95 
,GSAMPLEDR-SHG,GHI SAMPLE DOORS- SHG, $8.95 
,GSAMPLEDR-NTL,GHI SAMPLE DOORS-NTL, $8.95 
,GSAMPLE DR-NCG,GHI SAMPLE DOORS-NCG, $8.95 
,GSAMPLEDR-RMA,GHI SAMPLE DOORS-RMA, $8.95 
,GSAMPLEDR-CTC,GHI SAMPLE DOORS - CTC, $8.95 
,GSAMPLEDR-RGO,GHI SAMPLE DOORS - RGO, $8.95 
,,,
,GHI Kitchen Mini Fronts ,,
,,,2020
,,,Net Price
,GKITFR-SDC,GHI KITCHEN MINI FRONT- SDC, $21.50 
,GKITFR-ACW,GHI KIT MINI FRONT- ARCADIA WH - ACW, $21.50 
,GKITFR-ACL,GHI KIT MINI FR- ARCADIA LINEN - ACL, $21.50 
,GKITFR-SHG,GHI KITCHEN MINI FRONT-SHG, $21.50 
,GKITFR-NTL,GHI KIT MINI FR-NANTUCKET LINEN-NTL, $21.50 
,GKITFR-NCG,GHI KIT MINI FR-NEW CASTLE GRAY, $21.50 
,GKITFR-RMA,GHI KIT MINI FR-RICHMOND AUBURN, $21.50 
,GKITFR-CTC,GHI KITCHEN MINI FRONT- CTC, $18.00 
,GKITFR-RGO,GHI KITCHEN MINI FRONT- RGO, $18.00 
,,,
,,,
,GHI Jiffy Kits ,,
,,,2020
,,,Net Price
,JKOAK,"JIFFY KIT F/ OAK, RGO, LS", $10.50 
,JKSDC,JIFFY KIT-SEDONA CHESTNUT-SDC, $10.50 
,JKACW,JIFFY KIT-ARCADIA WH SHAKER-ACW, $10.50 
,JKLW,JIFFY KIT F/ LINEN WHITE - ACL/NTL, $10.50 
,JKSHG,JIFFY KIT-STONE HARBOR GRAY-SHG, $10.50 
,JKCSG/NCG,JIFFY KIT-COASTAL GRAY/NEW CASTLE GRAY, $10.50 
,JKRMA,JIFFY KIT-RICHMOND AUBURN, $10.50 
,JKCTC,JIFFY KIT-CHARL TRAD COG-CTC, $10.50 
,JKCCB,JIFFY KIT-CONCORD BLUE, $10.50 
,,,
,GHI  Accessories,,
,,,2020
,,,Net Price
,SCH114,"SOFT CLOSE HINGE - 1 1/4"" (ACW,ACL,SHG,RMA)", $3.40 
,SCH138,"GHI SOFT CLOSE HINGE - 1 3/8"" (BDM,TWM,NTL,SDC)", $3.40 
,SCHWDC,SOFT CLOSE HINGE F/ ALL WDC CAB, $3.40 
,SCG,KITCHEN SOFT CLOSE DRAWER GLIDES - 1 pair, $16.50 
,,,
,,,Net Price
,FSAMPLEDR-GRC,FL - SAMPLE DOORS - GRC, $8.95 
,FSAMPLEDR-NPW,FL - SAMPLE DOORS - NPW, $8.95 
,,,
,Featherlodge Kitchen Mini Fronts ,,
,,,2020
,,,Net Price
,FKITFR-GRC,FL KITCHEN MINI FRONT-GRC, $21.50 
,FKITFR-NPW,FL KITCHEN MINI FRONT-NPW, $21.50 
,,,
,Featherlodge Jiffy Kits,,
,,,2020
,,,Net Price
,JKGRC,JIFFY KIT-GRAND RES CHERRY-GRC, $10.50 
,JKNPW,JIFFY KIT-NEWPORT WHITE, $10.50 
,,,
,Featherlodge Accessories,,
,,,2020
,,,Net Price
,SCH114,"SOFT CLOSE HINGE - 1 1/4"" (BP.GRC,NPW)", $3.30 
,SCHWDC,SOFT CLOSE HINGE F/ ALL WDC CAB, $3.30 
,SCG,KITCHEN SOFT CLOSE DRAWER GLIDES - 1 pair, $16.50 
